Squad,# Pl,90s,Cmp,Att,Cmp%,TotDist,PrgDist,Cmp,Att,Cmp%,Cmp,Att,Cmp%,Cmp,Att,Cmp%,Ast,xAG,xA,A-xAG,KP,1/3,PPA,CrsPA,PrgP,Année édition
Ajax,19,6.0,2834,3385,83.7,48341,15879,1278,1395,91.6,1295,1447,89.5,205,396,51.8,9,6.3,6.2,+2.7,53,210,65,15,234,2023
Atlético Madrid,22,6.0,3047,3674,82.9,51306,16783,1518,1661,91.4,1166,1363,85.5,282,475,59.4,3,5.3,4.7,-2.3,65,235,58,19,286,2023
Barcelona,26,6.0,3476,4033,86.2,59907,19062,1623,1796,90.4,1463,1613,90.7,323,444,72.7,10,8.2,10.5,+1.8,71,343,84,18,358,2023
Bayern Munich,24,10.0,5277,6096,86.6,92687,30813,2326,2542,91.5,2380,2622,90.8,482,702,68.7,19,15.5,13.5,+3.5,129,464,106,11,541,2023
Benfica,24,10.0,4832,5740,84.2,82686,26948,2250,2505,89.8,1877,2100,89.4,525,769,68.3,16,12.2,12.5,+3.8,103,373,99,18,455,2023
Celtic,22,6.0,2714,3217,84.4,47286,16001,1132,1275,88.8,1338,1488,89.9,187,300,62.3,1,6.6,7.4,-5.6,63,236,75,24,300,2023
Chelsea,26,10.0,5015,5977,83.9,83375,27690,2517,2768,90.9,1953,2225,87.8,426,693,61.5,7,11.8,13.4,-4.8,115,418,105,16,512,2023
Club Brugge,25,8.0,2998,3805,78.8,57815,20432,1136,1345,84.5,1341,1536,87.3,411,702,58.5,7,5.2,4.1,+1.8,47,193,39,10,239,2023
Dinamo Zagreb,20,6.0,2232,2821,79.1,40331,15054,965,1099,87.8,939,1110,84.6,249,433,57.5,2,3.2,3.3,-1.2,41,129,37,11,194,2023
Dortmund,26,8.0,3388,4123,82.2,57515,19809,1627,1828,89.0,1314,1486,88.4,329,552,59.6,10,8.8,7.3,+1.2,74,227,57,6,300,2023
Eint Frankfurt,22,8.0,2827,3691,76.6,47000,16909,1390,1613,86.2,1148,1409,81.5,215,490,43.9,5,5.5,5.0,-0.5,51,190,37,4,258,2023
FC Copenhagen,25,6.0,1950,2478,78.7,34295,11982,866,1006,86.1,826,937,88.2,199,395,50.4,1,3.5,3.3,-2.5,38,127,27,6,142,2023
Inter,22,13.0,4784,6011,79.6,91946,34311,1943,2202,88.2,2179,2534,86.0,599,1002,59.8,17,14.3,13.4,+2.7,123,336,93,32,440,2023
Juventus,26,6.0,2553,3100,82.4,47736,16403,1039,1173,88.6,1132,1291,87.7,322,485,66.4,8,7.0,4.9,+1.0,58,239,48,15,277,2023
Leverkusen,20,6.0,2663,3241,82.2,45432,16050,1277,1436,88.9,1104,1246,88.6,227,407,55.8,4,6.3,6.1,-2.3,60,208,55,9,260,2023
Liverpool,25,8.0,3786,4628,81.8,64379,23190,1749,1959,89.3,1502,1742,86.2,364,609,59.8,15,10.8,11.7,+4.2,103,305,101,16,407,2023
Maccabi Haifa,20,6.0,2173,2698,80.5,36803,13241,1066,1208,88.2,829,967,85.7,211,351,60.1,6,5.2,4.5,+0.8,64,150,41,11,213,2023
Manchester City,23,13.0,7695,8736,88.1,133458,36726,3649,3894,93.7,3242,3523,92.0,695,977,71.1,23,17.8,17.0,+5.2,164,648,128,30,644,2023
Marseille,19,6.0,3072,3647,84.2,55131,15761,1258,1394,90.2,1381,1571,87.9,327,480,68.1,6,5.3,4.9,+0.7,54,306,46,11,324,2023
Milan,23,12.0,4306,5392,79.9,80341,29115,1785,2076,86.0,1823,2081,87.6,572,909,62.9,9,11.3,11.0,-2.3,99,311,77,26,378,2023
Napoli,22,10.0,4938,5849,84.4,79554,26691,2449,2670,91.7,1963,2251,87.2,332,550,60.4,20,15.7,15.1,+4.3,136,326,89,20,419,2023
Paris S-G,21,8.0,4570,5187,88.1,68541,22084,2466,2666,92.5,1536,1695,90.6,301,434,69.4,12,7.1,8.6,+4.9,70,311,89,8,352,2023
Porto,24,8.0,2857,3703,77.2,51436,19403,1289,1491,86.5,1168,1377,84.8,327,616,53.1,7,10.6,8.6,-3.6,85,173,60,16,249,2023
Rangers,22,6.0,1850,2452,75.4,33043,11529,844,985,85.7,773,907,85.2,194,424,45.8,1,2.7,2.3,-1.7,30,118,20,13,139,2023
RB Leipzig,22,8.0,3767,4438,84.9,63764,20326,1746,1925,90.7,1584,1763,89.8,310,497,62.4,12,10.2,10.2,+1.8,74,270,88,17,336,2023
RB Salzburg,19,6.0,1527,2223,68.7,26035,11972,750,945,79.4,543,748,72.6,168,375,44.8,3,5.9,4.8,-2.9,58,127,43,13,171,2023
Real Madrid,22,12.0,6655,7601,87.6,103798,32798,3537,3797,93.2,2321,2559,90.7,497,770,64.5,21,17.2,19.1,+3.8,147,496,104,22,494,2023
Sevilla,24,6.0,2635,3189,82.6,48400,15877,1123,1253,89.6,1204,1360,88.5,277,461,60.1,5,4.0,4.4,+1.0,50,161,43,9,233,2023
Shakhtar,20,6.0,2461,2927,84.1,41792,14439,1188,1289,92.2,1018,1134,89.8,209,374,55.9,7,3.0,3.1,+4.0,32,100,18,4,140,2023
Sporting CP,25,6.0,2250,2812,80.0,40741,13062,956,1087,87.9,1031,1173,87.9,224,435,51.5,5,3.0,2.5,+2.0,33,95,20,4,139,2023
Tottenham,25,8.0,3459,4270,81.0,60303,21384,1551,1767,87.8,1504,1737,86.6,316,529,59.7,7,7.5,8.5,-0.5,71,268,67,16,355,2023
Viktoria Plzeň,22,6.0,1328,1806,73.5,26820,13246,535,638,83.9,551,659,83.6,205,387,53.0,4,3.5,3.8,+0.5,46,129,40,17,127,2023
Ajax,21,8.0,4186,4952,84.5,69706,24237,1914,2134,89.7,1794,1997,89.8,321,488,65.8,16,14.1,13.7,+1.9,107,344,146,27,509,2022
Atalanta,21,6.0,2537,3168,80.1,45131,15818,1179,1340,88.0,990,1170,84.6,287,462,62.1,11,8.8,6.8,+2.2,65,199,56,13,262,2022
Atlético Madrid,22,10.0,2953,3955,74.7,50825,19634,1418,1625,87.3,1038,1267,81.9,338,715,47.3,8,8.7,7.9,-0.7,68,197,56,11,284,2022
Barcelona,23,6.0,3185,3747,85.0,53967,17042,1467,1613,90.9,1365,1508,90.5,262,402,65.2,1,5.5,7.0,-4.5,54,232,57,15,309,2022
Bayern Munich,24,10.0,5697,6637,85.8,100704,35472,2643,2922,90.5,2476,2758,89.8,516,740,69.7,23,18.7,16.6,+4.3,143,586,149,31,705,2022
Benfica,24,10.0,3125,4035,77.4,55862,21599,1340,1579,84.9,1288,1495,86.2,366,659,55.5,10,8.6,5.6,+1.4,76,222,45,11,278,2022
Beşiktaş,26,6.0,2092,2680,78.1,34605,14371,1063,1209,87.9,714,860,83.0,203,369,55.0,2,5.0,4.6,-3.0,37,129,35,12,177,2022
Chelsea,24,10.3,5889,6826,86.3,93132,29284,2938,3154,93.2,2313,2582,89.6,376,621,60.5,15,15.4,16.3,-0.4,134,480,148,19,572,2022
Club Brugge,21,6.0,1798,2466,72.9,31468,14027,864,1035,83.5,631,809,78.0,224,409,54.8,5,4.5,3.8,+0.5,40,129,41,7,208,2022
Dortmund,23,6.0,2759,3376,81.7,45699,15694,1279,1452,88.1,1104,1258,87.8,226,372,60.8,8,9.1,7.9,-1.1,64,201,52,10,254,2022
Dynamo Kyiv,23,6.0,2161,2713,79.7,37772,13940,993,1114,89.1,864,1007,85.8,228,406,56.2,1,3.0,4.0,-2.0,31,123,43,6,175,2022
Inter,22,8.0,3535,4237,83.4,63351,21912,1495,1682,88.9,1614,1816,88.9,356,539,66.0,6,9.4,9.4,-3.4,100,302,83,26,389,2022
Juventus,28,8.0,3798,4501,84.4,67637,21193,1590,1784,89.1,1672,1834,91.2,389,589,66.0,6,9.7,9.0,-3.7,84,320,70,18,317,2022
Lille,23,8.0,2837,3691,76.9,50252,18323,1339,1567,85.4,1121,1344,83.4,314,557,56.4,4,5.7,4.6,-1.7,58,227,47,14,283,2022
Liverpool,28,13.0,7308,8675,84.2,125865,43721,3375,3721,90.7,3023,3395,89.0,698,1096,63.7,21,20.6,17.1,+0.4,168,633,145,28,740,2022
Malmö,21,6.0,1838,2400,76.6,32001,11682,914,1052,86.9,682,826,82.6,209,392,53.3,1,1.4,1.3,-0.4,29,100,20,8,131,2022
Manchester City,26,12.3,6979,8008,87.2,121207,37364,3268,3544,92.2,3027,3314,91.3,607,881,68.9,23,20.3,19.0,+2.7,151,667,161,16,757,2022
Manchester Utd,31,8.0,3690,4474,82.5,65094,20999,1710,1912,89.4,1457,1657,87.9,413,646,63.9,11,7.4,7.8,+3.6,62,267,59,12,314,2022
Milan,23,6.0,2056,2651,77.6,36630,14360,957,1110,86.2,832,982,84.7,230,419,54.9,4,3.8,4.5,+0.2,30,122,36,9,160,2022
Paris S-G,21,8.0,4292,4901,87.6,62993,21409,2254,2432,92.7,1450,1587,91.4,249,370,67.3,8,10.3,8.3,-2.3,70,230,51,4,275,2022
Porto,22,6.0,1925,2550,75.5,36233,13408,831,957,86.8,728,877,83.0,295,549,53.7,3,5.7,5.4,-2.7,52,134,35,12,157,2022
RB Leipzig,23,6.0,2288,2923,78.3,38913,15225,1123,1261,89.1,898,1069,84.0,215,422,50.9,13,9.6,8.4,+3.4,66,187,63,11,244,2022
RB Salzburg,21,8.0,2457,3368,73.0,44588,18082,1102,1310,84.1,984,1216,80.9,303,612,49.5,6,6.1,3.9,-0.1,55,237,36,2,293,2022
Real Madrid,25,13.7,6773,7907,85.7,110520,34445,3398,3661,92.8,2423,2683,90.3,635,994,63.9,21,15.7,16.5,+5.3,144,471,140,23,552,2022
Sevilla,22,6.0,2825,3515,80.4,55879,18552,1069,1227,87.1,1306,1494,87.4,398,619,64.3,3,4.3,5.1,-1.3,52,218,48,17,297,2022
Shakhtar,25,6.0,3389,3823,88.6,53950,17539,1726,1849,93.3,1365,1492,91.5,206,303,68.0,2,6.3,6.1,-4.3,65,267,47,3,291,2022
Sheriff Tiraspol,19,6.0,1368,1834,74.6,26046,10729,604,695,86.9,546,671,81.4,194,378,51.3,5,3.4,2.7,+1.6,39,82,23,10,100,2022
Sporting CP,27,8.0,2626,3338,78.7,46252,16769,1129,1296,87.1,1138,1327,85.8,268,492,54.5,10,8.0,7.1,+2.0,56,139,37,11,228,2022
Villarreal,25,12.0,4060,5187,78.3,71760,26371,1781,2016,88.3,1719,2027,84.8,423,808,52.4,16,15.3,12.1,+0.7,95,258,71,15,320,2022
Wolfsburg,21,6.0,1840,2472,74.4,36001,14464,714,883,80.9,829,999,83.0,262,468,56.0,4,3.5,3.6,+0.5,33,132,24,8,160,2022
Young Boys,24,6.0,2337,2925,79.9,46068,15665,875,1007,86.9,1137,1297,87.7,308,525,58.7,4,5.7,4.3,-1.7,62,215,47,15,244,2022
Zenit,21,6.0,2433,2956,82.3,42186,14420,1142,1272,89.8,918,1047,87.7,269,434,62.0,6,6.8,7.8,-0.8,61,164,59,17,225,2022
Ajax,21,6.0,2631,3408,77.2,45424,17489,1167,1358,85.9,1113,1329,83.7,256,490,52.2,5,5.7,5.8,-0.7,48,195,42,11,255,2021
Atalanta,25,8.0,3158,4052,77.9,54011,21440,1546,1777,87.0,1202,1440,83.5,314,558,56.3,10,10.0,7.2,0.0,71,258,61,11,313,2021
Atlético Madrid,20,8.0,3258,4181,77.9,53423,18979,1590,1828,87.0,1169,1410,82.9,320,573,55.8,6,7.8,9.0,-1.8,65,243,82,13,355,2021
Barcelona,27,8.0,5515,6151,89.7,79824,23314,3056,3233,94.5,1873,2038,91.9,278,398,69.8,12,13.6,15.1,-1.6,109,410,113,14,484,2021
Başakşehir,21,6.0,2146,2773,77.4,37081,13710,1006,1149,87.6,851,1015,83.8,224,430,52.1,5,4.4,4.4,+0.6,48,128,34,9,195,2021
Bayern Munich,26,10.0,5362,6355,84.4,95310,30508,2380,2655,89.6,2240,2513,89.1,594,861,69.0,18,15.2,16.3,+2.8,119,420,112,26,585,2021
Chelsea,24,13.0,6232,7483,83.3,99615,33624,3181,3476,91.5,2358,2695,87.5,439,807,54.4,16,18.8,12.8,-2.8,117,386,107,22,526,2021
Club Brugge,22,6.0,2661,3324,80.1,48485,16370,1143,1299,88.0,1075,1234,87.1,337,560,60.2,4,5.4,6.0,-1.4,40,213,46,9,250,2021
Dortmund,26,10.0,5066,5974,84.8,86899,26915,2306,2550,90.4,2087,2314,90.2,497,763,65.1,11,9.9,10.4,+1.1,93,430,89,4,463,2021
Dynamo Kyiv,22,6.0,2397,2931,81.8,42991,13806,1047,1181,88.7,1029,1186,86.8,254,416,61.1,1,3.8,3.7,-2.8,29,145,35,14,180,2021
Ferencváros,20,6.0,2554,3106,82.2,48627,15653,999,1131,88.3,1188,1343,88.5,321,507,63.3,3,3.5,2.3,-0.5,45,135,31,3,181,2021
Inter,21,6.0,2788,3369,82.8,52070,16428,1082,1227,88.2,1358,1509,90.0,291,442,65.8,6,5.9,6.6,+0.1,59,232,65,22,289,2021
Juventus,22,8.3,4454,5227,85.2,78669,25279,1958,2162,90.6,2025,2238,90.5,395,597,66.2,14,11.2,8.5,+2.8,101,355,82,29,437,2021
Krasnodar,23,6.0,1773,2411,73.5,29934,13173,850,992,85.7,645,809,79.7,182,398,45.7,4,3.8,4.8,+0.2,46,115,49,8,201,2021
Lazio,25,8.0,3295,4028,81.8,58871,20971,1447,1618,89.4,1356,1559,87.0,382,596,64.1,8,9.3,6.9,-1.3,69,236,54,17,268,2021
Liverpool,29,10.0,4722,5888,80.2,79146,27797,2312,2599,89.0,1800,2101,85.7,437,799,54.7,10,10.8,9.1,-0.8,85,305,88,15,439,2021
Loko Moscow,22,6.0,1700,2329,73.0,31025,14399,768,934,82.2,626,781,80.2,241,436,55.3,3,3.0,2.9,0.0,31,105,27,8,157,2021
M'Gladbach,21,8.0,3260,3961,82.3,54291,18153,1575,1736,90.7,1307,1494,87.5,277,495,56.0,9,7.6,5.8,+1.4,56,152,52,8,214,2021
Manchester City,25,13.0,8282,9399,88.1,133374,37276,3992,4290,93.1,3334,3638,91.6,580,841,69.0,18,16.9,17.5,+1.1,125,571,128,11,698,2021
Manchester Utd,23,6.0,2618,3233,81.0,42136,14526,1276,1432,89.1,953,1111,85.8,212,362,58.6,7,6.8,5.5,+0.2,66,184,49,7,235,2021
Marseille,20,6.0,2583,3182,81.2,43802,14773,1249,1391,89.8,1045,1192,87.7,217,439,49.4,0,3.2,3.0,-3.2,37,147,21,7,191,2021
Midtjylland,22,6.0,1797,2548,70.5,34613,13936,725,899,80.6,738,938,78.7,283,547,51.7,2,4.5,3.9,-2.5,41,137,31,8,174,2021
Olympiacos,21,6.0,2498,3153,79.2,43870,15002,1185,1333,88.9,978,1143,85.6,269,479,56.2,2,3.1,3.2,-1.1,30,155,24,8,189,2021
Paris S-G,23,12.0,5198,6236,83.4,80282,29918,2732,2966,92.1,1812,2067,87.7,369,677,54.5,16,15.1,11.7,+0.9,105,290,84,12,402,2021
Porto,26,10.3,3046,4066,74.9,55442,20991,1357,1566,86.7,1183,1413,83.7,385,806,47.8,6,6.7,6.3,-0.7,55,196,57,12,251,2021
RB Leipzig,20,8.0,3496,4469,78.2,59019,21375,1685,1926,87.5,1345,1611,83.5,333,606,55.0,10,8.8,7.8,+1.2,85,232,78,15,323,2021
RB Salzburg,19,6.0,2172,2946,73.7,37091,14715,978,1186,82.5,897,1105,81.2,210,433,48.5,6,8.2,6.8,-2.2,69,202,60,7,297,2021
Real Madrid,25,12.0,7142,8274,86.3,120434,35434,3325,3580,92.9,2692,2971,90.6,738,1074,68.7,13,13.2,14.5,-0.2,131,493,114,21,546,2021
Rennes,26,6.0,2518,3151,79.9,45874,15572,1091,1228,88.8,1069,1247,85.7,293,501,58.5,1,4.9,4.0,-3.9,52,190,39,10,215,2021
Sevilla,25,8.0,4212,5040,83.6,74377,21580,1938,2125,91.2,1670,1873,89.2,470,731,64.3,8,8.1,8.6,-0.1,91,267,68,33,314,2021
Shakhtar,23,6.0,2588,3078,84.1,46468,14087,1028,1131,90.9,1216,1338,90.9,250,438,57.1,3,3.9,2.2,-0.9,31,115,13,2,147,2021
Zenit,21,6.0,2394,3026,79.1,42918,15831,1053,1217,86.5,963,1120,86.0,292,490,59.6,3,5.0,5.2,-2.0,46,161,47,17,206,2021
Ajax,19,6.0,2592,3278,79.1,40831,15061,1360,1537,88.5,843,996,84.6,233,441,52.8,10,6.8,7.2,+3.2,62,189,70,15,273,2020
Atalanta,23,9.0,3406,4327,78.7,56381,19444,1728,1977,87.4,1190,1445,82.4,338,603,56.1,9,10.8,9.2,-1.8,88,248,81,18,333,2020
Atlético Madrid,21,9.3,3470,4514,76.9,57710,21604,1746,2001,87.3,1201,1484,80.9,359,670,53.6,9,10.0,10.8,-1.0,89,242,81,10,385,2020
Barcelona,24,9.0,5214,6023,86.6,86873,25778,2572,2828,90.9,2063,2255,91.5,441,644,68.5,10,11.5,9.7,-1.5,77,392,81,8,407,2020
Bayern Munich,20,11.0,6436,7516,85.6,115971,36605,2739,3024,90.6,2854,3161,90.3,692,1000,69.2,37,25.3,21.6,+11.7,175,498,167,33,694,2020
Benfica,23,6.0,2545,3168,80.3,42740,15761,1228,1386,88.6,956,1124,85.1,260,431,60.3,5,6.3,5.5,-1.3,60,194,44,5,266,2020
Chelsea,22,8.0,3532,4286,82.4,60083,21247,1660,1846,89.9,1302,1515,85.9,387,584,66.3,7,12.5,9.5,-5.5,99,227,74,24,355,2020
Club Brugge,22,6.0,1948,2581,75.5,37414,14839,841,981,85.7,811,985,82.3,271,475,57.1,3,4.6,4.9,-1.6,47,173,48,5,280,2020
Dinamo Zagreb,21,6.0,1503,2108,71.3,24974,10165,715,868,82.4,474,624,76.0,171,363,47.1,9,6.1,4.0,+2.9,38,74,32,8,135,2020
Dortmund,24,8.0,4169,4921,84.7,70364,22095,2046,2260,90.5,1685,1876,89.8,357,570,62.6,9,10.2,10.5,-1.2,74,281,77,12,406,2020
Galatasaray,20,6.0,2309,2971,77.7,39715,15557,1088,1258,86.5,925,1082,85.5,219,447,49.0,1,3.4,3.3,-2.4,38,141,24,10,170,2020
Genk,20,6.0,1836,2488,73.8,35523,13832,749,874,85.7,773,952,81.2,280,507,55.2,4,5.4,4.2,-1.4,52,126,38,15,202,2020
Inter,20,6.0,2204,2803,78.6,39968,13876,903,1045,86.4,970,1151,84.3,244,417,58.5,9,8.0,5.8,+1.0,54,117,35,7,173,2020
Juventus,23,8.0,4500,5282,85.2,75892,24190,2095,2285,91.7,1816,2039,89.1,405,609,66.5,10,7.9,7.6,+2.1,71,336,69,20,377,2020
Leverkusen,20,6.0,3372,4060,83.1,56729,17312,1632,1806,90.4,1283,1451,88.4,320,534,59.9,2,6.0,5.1,-4.0,62,218,53,14,266,2020
Lille,21,6.0,1971,2626,75.1,33687,12657,865,1025,84.4,807,962,83.9,189,412,45.9,4,8.0,5.2,-4.0,70,143,39,9,211,2020
Liverpool,20,8.3,5240,6282,83.4,92842,29463,2393,2658,90.0,2143,2453,87.4,578,864,66.9,11,12.0,11.8,-1.0,110,472,124,21,564,2020
Loko Moscow,20,6.0,1517,2085,72.8,27504,12024,652,788,82.7,554,680,81.5,214,418,51.2,2,3.2,2.5,-1.2,38,105,18,5,140,2020
Lyon,24,10.0,3679,4704,78.2,65004,23262,1628,1841,88.4,1440,1720,83.7,436,780,55.9,9,7.8,6.6,+1.2,83,268,55,18,354,2020
Manchester City,23,9.0,5498,6313,87.1,89852,26242,2672,2878,92.8,2122,2334,90.9,450,663,67.9,18,20.0,19.7,-2.0,117,452,107,14,486,2020
Napoli,24,8.0,3470,4229,82.1,58974,21041,1757,1960,89.6,1252,1448,86.5,355,568,62.5,6,8.3,6.5,-2.3,81,241,49,15,316,2020
Olympiacos,17,6.0,2051,2627,78.1,37706,13570,883,1013,87.2,836,986,84.8,264,478,55.2,5,5.0,4.9,0.0,58,123,39,15,188,2020
Paris S-G,24,11.0,5643,6611,85.4,85322,29877,3002,3239,92.7,1942,2187,88.8,358,645,55.5,20,21.3,17.9,-1.3,102,314,86,8,443,2020
RB Leipzig,25,10.0,5285,6434,82.1,85374,29666,2682,2981,90.0,1984,2299,86.3,409,710,57.6,10,9.9,11.1,+0.1,110,450,125,32,563,2020
RB Salzburg,21,6.0,2061,2763,74.6,32897,14263,1060,1232,86.0,690,885,78.0,184,394,46.7,13,10.4,8.7,+2.6,75,176,67,7,260,2020
Real Madrid,25,8.0,4495,5226,86.0,76194,23894,2228,2397,92.9,1677,1908,87.9,448,647,69.2,14,13.5,11.4,+0.5,113,328,100,20,410,2020
Red Star,19,6.0,1641,2193,74.8,28578,11684,787,911,86.4,664,831,79.9,158,358,44.1,2,2.2,2.1,-0.2,38,96,25,9,168,2020
Shakhtar,18,6.0,2704,3198,84.6,45044,14877,1352,1477,91.5,1010,1126,89.7,244,408,59.8,6,6.5,5.7,-0.5,48,156,44,3,179,2020
Slavia Prague,20,6.0,2436,3102,78.5,43795,16145,1169,1361,85.9,939,1115,84.2,293,490,59.8,3,6.5,5.6,-3.5,59,188,49,13,272,2020
Tottenham,28,8.0,3554,4312,82.4,57860,19706,1738,1918,90.6,1423,1620,87.8,256,500,51.2,15,11.6,9.5,+3.4,75,217,74,18,298,2020
Valencia,23,8.0,3036,3863,78.6,56160,21381,1316,1511,87.1,1291,1483,87.1,359,661,54.3,9,10.8,9.0,-1.8,76,234,55,17,306,2020
Zenit,19,6.0,1882,2543,74.0,35853,15578,800,931,85.9,704,885,79.5,286,526,54.4,5,5.5,5.3,-0.5,45,148,44,13,175,2020
AEK Athens,20,6.0,1920,2510,76.5,35757,13318,858,992,86.5,692,828,83.6,290,501,57.9,2,4.3,3.8,-2.3,31,123,23,6,142,2019
Ajax,22,12.0,5137,6458,79.5,80365,28967,2646,2981,88.8,1785,2098,85.1,413,835,49.5,17,17.6,14.8,-0.6,139,358,112,9,504,2019
Atlético Madrid,21,8.0,3398,4276,79.5,56377,19398,1754,1981,88.5,1185,1416,83.7,337,609,55.3,8,6.5,8.1,+1.5,73,267,59,12,328,2019
Barcelona,23,12.0,7437,8522,87.3,117990,37319,3807,4095,93.0,2665,2954,90.2,608,879,69.2,18,17.9,18.0,+0.1,149,462,122,3,561,2019
Bayern Munich,20,8.0,4168,5025,82.9,75753,23334,1750,1952,89.7,1787,2022,88.4,489,756,64.7,9,11.1,10.4,-2.1,80,244,79,10,371,2019
Benfica,20,6.0,2163,2775,77.9,37500,13917,1054,1215,86.7,815,954,85.4,226,434,52.1,3,4.7,4.8,-1.7,55,132,39,8,209,2019
Club Brugge,25,6.0,2117,2717,77.9,39775,14149,865,1010,85.6,902,1057,85.3,281,472,59.5,3,3.3,3.3,-0.3,35,172,33,11,223,2019
CSKA Moscow,22,6.0,2055,2660,77.3,36358,13920,940,1057,88.9,759,886,85.7,247,495,49.9,5,4.4,3.6,+0.6,66,142,47,7,218,2019
Dortmund,24,8.0,5255,6024,87.2,90388,25808,2414,2649,91.1,2177,2356,92.4,510,711,71.7,8,10.6,11.7,-2.6,76,398,73,10,446,2019
Galatasaray,21,6.0,2394,3003,79.7,45179,15654,929,1078,86.2,1018,1180,86.3,349,542,64.4,2,6.8,6.1,-4.8,52,177,35,5,212,2019
Hoffenheim,25,6.0,2151,2713,79.3,40813,15283,847,971,87.2,988,1147,86.1,260,465,55.9,7,8.5,6.5,-1.5,68,164,53,14,260,2019
Inter,17,6.0,2489,3077,80.9,42946,15899,1163,1282,90.7,962,1127,85.4,277,457,60.6,4,7.4,6.9,-3.4,69,179,50,25,243,2019
Juventus,22,10.0,4714,5657,83.3,86350,28985,2015,2230,90.4,1968,2231,88.2,572,867,66.0,11,13.4,12.6,-2.4,119,324,89,29,460,2019
Liverpool,20,13.0,5613,7191,78.1,100781,34931,2391,2780,86.0,2442,2861,85.4,598,1090,54.9,17,19.8,17.4,-2.8,140,414,161,27,631,2019
Loko Moscow,19,6.0,1958,2670,73.3,31569,13544,961,1142,84.2,659,841,78.4,195,405,48.1,2,4.6,6.2,-2.6,59,169,33,3,207,2019
Lyon,21,8.0,3153,3842,82.1,53662,18974,1470,1630,90.2,1283,1457,88.1,288,518,55.6,9,10.2,7.7,-1.2,90,197,55,5,290,2019
Manchester City,21,10.0,5976,6793,88.0,97477,29647,2844,3074,92.5,2361,2588,91.2,484,653,74.1,20,16.8,16.8,+3.2,141,416,128,15,582,2019
Manchester Utd,26,10.0,4134,5034,82.1,68833,24174,2012,2216,90.8,1490,1719,86.7,419,693,60.5,5,6.2,6.3,-1.2,84,306,78,20,397,2019
Monaco,29,6.0,2437,3024,80.6,43127,14600,1084,1249,86.8,968,1120,86.4,284,462,61.5,1,3.2,3.6,-2.2,44,158,49,10,241,2019
Napoli,18,6.0,3465,4138,83.7,58278,18318,1735,1901,91.3,1259,1433,87.9,354,568,62.3,5,7.7,6.9,-2.7,69,247,60,11,312,2019
Paris S-G,20,8.0,4469,5144,86.9,69564,21926,2262,2449,92.4,1585,1745,90.8,338,520,65.0,14,15.2,11.6,-1.2,90,272,86,15,340,2019
Porto,25,10.3,3769,4932,76.4,70712,25766,1571,1809,86.8,1587,1928,82.3,501,904,55.4,15,11.1,10.5,+3.9,91,266,64,17,379,2019
PSV Eindhoven,18,6.0,1452,1993,72.9,27682,12527,635,762,83.3,568,702,80.9,203,412,49.3,5,5.5,5.6,-0.5,54,114,29,11,143,2019
Real Madrid,24,8.0,4682,5445,86.0,86214,28482,2236,2401,93.1,1777,2003,88.7,621,855,72.6,12,15.3,12.0,-3.3,127,450,87,19,536,2019
Red Star,20,6.0,1409,2028,69.5,25148,10790,680,835,81.4,512,677,75.6,177,406,43.6,3,2.4,1.9,+0.6,30,80,23,8,118,2019
Roma,24,8.3,3282,4125,79.6,60190,24233,1447,1652,87.6,1435,1675,85.7,362,627,57.7,12,11.6,8.9,+0.4,96,291,81,19,399,2019
Schalke 04,27,8.0,2440,3273,74.5,46792,16903,965,1149,84.0,1149,1376,83.5,297,581,51.1,4,5.7,4.6,-1.7,55,168,40,7,241,2019
Shakhtar,20,6.0,2630,3167,83.0,44787,14900,1162,1298,89.5,1082,1225,88.3,257,413,62.2,8,6.2,4.3,+1.8,57,124,49,6,214,2019
Tottenham,24,13.0,5730,7075,81.0,102185,36574,2615,2933,89.2,2318,2694,86.0,647,1052,61.5,17,16.9,14.8,+0.1,151,406,111,21,564,2019
Valencia,22,6.0,2480,3051,81.3,42612,16341,1206,1355,89.0,987,1158,85.2,235,390,60.3,2,4.6,5.5,-2.6,50,173,47,14,271,2019
Viktoria Plzeň,21,6.0,1780,2384,74.7,32555,13869,773,906,85.3,644,797,80.8,257,467,55.0,6,5.8,4.5,+0.2,48,122,43,9,205,2019
Young Boys,20,6.0,1939,2538,76.4,35231,14480,854,984,86.8,782,928,84.3,237,473,50.1,1,4.2,4.0,-3.2,53,158,39,13,180,2019
Anderlecht,20,6.0,2413,3007,80.2,42668,15984,1142,1287,88.7,840,991,84.8,312,507,61.5,1,4.2,4.9,-3.2,44,171,40,17,244,2018
APOEL FC,21,6.0,1467,2034,72.1,28161,13195,656,780,84.1,518,672,77.1,236,438,53.9,1,2.9,2.4,-1.9,39,107,29,12,126,2018
Atlético Madrid,20,6.0,2732,3367,81.1,43826,15314,1433,1581,90.6,931,1103,84.4,245,451,54.3,4,8.2,7.9,-4.2,81,252,62,14,295,2018
Barcelona,22,10.0,6340,7313,86.7,106167,31741,3134,3402,92.1,2390,2635,90.7,614,889,69.1,11,9.1,10.2,+1.9,90,487,85,2,512,2018
Basel,21,8.0,2308,3124,73.9,40627,14890,1055,1231,85.7,947,1187,79.8,249,545,45.7,6,6.6,4.0,-0.6,49,143,33,11,198,2018
Bayern Munich,22,12.0,6375,7631,83.5,112519,36572,2890,3182,90.8,2601,2942,88.4,692,1080,64.1,17,20.7,22.1,-3.7,177,493,156,36,728,2018
Benfica,25,6.0,2990,3652,81.9,50149,16905,1444,1595,90.5,1066,1250,85.3,325,522,62.3,1,4.9,5.8,-3.9,66,227,45,16,250,2018
Beşiktaş,23,8.0,2703,3638,74.3,50189,20308,1233,1421,86.8,1027,1271,80.8,369,749,49.3,8,6.1,5.8,+1.9,66,196,53,11,262,2018
Celtic,20,6.0,2586,3091,83.7,46775,15350,1081,1200,90.1,1181,1302,90.7,260,446,58.3,4,4.4,3.1,-0.4,43,103,23,5,159,2018
Chelsea,19,8.0,3490,4221,82.7,60039,19935,1645,1834,89.7,1368,1559,87.7,364,579,62.9,9,12.1,10.5,-3.1,103,287,75,15,343,2018
CSKA Moscow,20,6.0,2158,2860,75.5,37337,14181,1038,1215,85.4,867,1054,82.3,211,447,47.2,4,3.3,3.7,+0.7,54,150,42,10,201,2018
Dortmund,22,6.0,3295,3912,84.2,57715,19232,1489,1633,91.2,1339,1508,88.8,362,579,62.5,6,7.7,8.5,-1.7,68,282,57,8,316,2018
Feyenoord,23,6.0,1965,2605,75.4,35804,12543,878,1003,87.5,728,877,83.0,279,541,51.6,4,3.4,1.9,+0.6,36,87,24,7,140,2018
Juventus,23,10.0,4434,5379,82.4,82764,27402,1880,2120,88.7,1908,2168,88.0,566,854,66.3,9,11.5,10.8,-2.5,98,310,66,17,400,2018
Liverpool,24,13.0,5831,7361,79.2,104703,35233,2516,2882,87.3,2529,2938,86.1,619,1129,54.8,35,25.4,19.5,+9.6,153,425,154,26,612,2018
Manchester City,25,10.0,7053,8064,87.5,110990,32341,3424,3723,92.0,2631,2882,91.3,540,763,70.8,16,12.0,14.6,+4.0,103,381,98,18,568,2018
Manchester Utd,25,8.0,4103,4961,82.7,68291,22947,2026,2242,90.4,1461,1668,87.6,409,693,59.0,7,12.0,10.5,-5.0,77,254,69,17,346,2018
Monaco,23,6.0,1967,2716,72.4,36852,15096,805,990,81.3,870,1102,78.9,246,486,50.6,4,4.4,4.5,-0.4,54,190,35,12,277,2018
Napoli,20,6.0,3262,3905,83.5,50276,17517,1730,1908,90.7,1098,1273,86.3,251,401,62.6,6,4.4,5.2,+1.6,51,202,47,9,318,2018
NK Maribor,17,6.0,1855,2388,77.7,33369,13102,894,1037,86.2,688,846,81.3,233,404,57.7,3,3.9,3.4,-0.9,54,97,20,6,150,2018
Olympiacos,22,6.0,1841,2357,78.1,33453,12103,831,941,88.3,687,819,83.9,260,454,57.3,3,2.9,2.6,+0.1,30,139,29,6,168,2018
Paris S-G,19,8.0,4458,5108,87.3,67362,23393,2376,2545,93.4,1399,1555,90.0,366,512,71.5,18,11.8,11.2,+6.2,90,266,91,12,366,2018
Porto,25,8.0,2748,3641,75.5,50660,20497,1152,1364,84.5,1199,1447,82.9,323,617,52.4,13,8.0,8.1,+5.0,74,197,58,16,277,2018
Qarabağ FK,20,6.0,2330,2906,80.2,41633,14745,1067,1198,89.1,924,1065,86.8,272,492,55.3,2,1.7,1.2,+0.3,22,130,19,5,147,2018
RB Leipzig,19,6.0,2534,3298,76.8,41054,16722,1335,1559,85.6,870,1077,80.8,222,433,51.3,5,7.1,5.1,-2.1,73,199,40,2,269,2018
Real Madrid,23,13.0,7204,8371,86.1,125582,40827,3521,3773,93.3,2662,2968,89.7,837,1215,68.9,19,23.7,20.3,-4.7,177,621,146,40,733,2018
Roma,20,12.0,5042,6270,80.4,93890,35027,2154,2466,87.3,2137,2517,84.9,640,1005,63.7,15,14.4,13.3,+0.6,140,458,97,27,560,2018
Sevilla,22,10.0,5197,6304,82.4,85565,30734,2609,2874,90.8,2024,2358,85.8,409,722,56.6,11,13.0,12.6,-2.0,130,439,94,16,601,2018
Shakhtar,20,8.0,3370,4082,82.6,63603,22563,1407,1577,89.2,1435,1597,89.9,452,715,63.2,7,8.1,5.7,-1.1,65,199,40,5,233,2018
Spartak Moscow,20,6.0,2458,3058,80.4,44163,17177,1027,1198,85.7,996,1151,86.5,313,502,62.4,7,5.7,4.7,+1.3,55,193,46,12,264,2018
Sporting CP,21,6.0,2014,2594,77.6,35499,13656,941,1084,86.8,775,938,82.6,229,421,54.4,7,5.2,3.6,+1.8,41,142,26,8,190,2018
Tottenham,26,8.0,3492,4286,81.5,62118,22849,1623,1827,88.8,1365,1555,87.8,394,667,59.1,15,11.5,9.9,+3.5,91,290,67,14,348,2018
