Squad,# Pl,Poss,90s,Touches,Def Pen,Def 3rd,Mid 3rd,Att 3rd,Att Pen,Live,Att,Succ,Succ%,Tkld,Tkld%,Carries,TotDist,PrgDist,PrgC,1/3,CPA,Mis,Dis,Rec,PrgR,Année édition
Ajax,19,53.2,6.0,4006,479,1360,1802,871,138,4005,89,39,43.8,35,39.3,2570,10632,5067,80,68,20,83,52,2806,231,2023
Atlético Madrid,22,56.5,6.0,4301,288,1098,2077,1153,148,4299,89,40,44.9,42,47.2,2849,13512,6392,111,104,27,86,59,3024,281,2023
Barcelona,26,64.8,6.0,4658,323,977,2308,1402,194,4658,128,51,39.8,65,50.8,3126,16679,8902,167,135,36,84,63,3448,357,2023
Bayern Munich,24,56.1,10.0,7288,705,2305,3211,1838,294,7287,232,121,52.2,88,37.9,4893,25909,13199,249,162,64,155,114,5241,538,2023
Benfica,24,52.9,10.0,6874,588,1981,3198,1776,254,6869,199,99,49.7,85,42.7,4463,22971,11004,187,182,43,155,83,4804,449,2023
Celtic,22,44.2,6.0,3833,317,1046,1780,1035,141,3832,76,34,44.7,30,39.5,2677,13492,6993,98,76,15,79,69,2708,300,2023
Chelsea,26,57.3,10.0,7105,539,1883,3368,1928,272,7103,208,89,42.8,90,43.3,5033,23433,11627,211,220,47,153,91,4985,510,2023
Club Brugge,25,45.6,8.0,4651,615,1704,2088,900,105,4649,153,67,43.8,68,44.4,3048,16394,6987,109,77,27,93,70,2949,238,2023
Dinamo Zagreb,20,46.8,6.0,3485,538,1444,1430,643,78,3485,89,36,40.4,43,48.3,2216,11635,5843,107,87,15,93,69,2217,194,2023
Dortmund,26,47.9,8.0,5038,598,1815,2230,1047,162,5038,160,69,43.1,74,46.3,3162,16843,8732,159,124,45,104,71,3365,299,2023
Eint Frankfurt,22,43.3,8.0,4589,441,1570,2170,891,125,4588,130,44,33.8,70,53.8,2613,13679,6578,140,104,25,120,87,2798,256,2023
FC Copenhagen,25,37.7,6.0,3102,397,1238,1273,620,97,3102,95,41,43.2,40,42.1,1371,8191,4190,73,52,21,64,36,1931,141,2023
Inter,22,45.6,13.0,7429,1028,2866,2971,1661,270,7428,163,78,47.9,62,38.0,4207,20379,10227,204,163,39,163,106,4747,436,2023
Juventus,26,48.3,6.0,3720,364,1025,1767,960,127,3720,100,42,42.0,40,40.0,2304,11852,5940,120,97,31,75,68,2538,275,2023
Leverkusen,20,51.3,6.0,3905,382,1232,1865,835,135,3903,97,41,42.3,43,44.3,2045,12557,7070,138,93,42,93,49,2645,258,2023
Liverpool,25,54.9,8.0,5473,397,1444,2578,1500,257,5472,148,62,41.9,68,45.9,3020,15605,7685,150,132,48,133,85,3756,399,2023
Maccabi Haifa,20,43.3,6.0,3362,376,1085,1578,743,101,3361,98,43,43.9,45,45.9,2211,12091,5959,107,97,22,82,55,2159,210,2023
Manchester City,23,59.8,13.0,9902,650,2217,4861,2903,371,9897,256,151,59.0,68,26.6,6338,33355,18299,332,263,95,135,98,7628,634,2023
Marseille,19,59.2,6.0,4280,266,918,2187,1209,111,4279,119,46,38.7,63,52.9,3299,18102,8568,129,134,19,102,60,3051,323,2023
Milan,23,48.0,12.0,6736,739,2282,3104,1426,231,6733,266,115,43.2,112,42.1,3683,21372,11242,217,145,57,183,121,4253,366,2023
Napoli,22,56.4,10.0,6947,633,2106,3408,1519,298,6939,248,114,46.0,95,38.3,4691,23225,12389,260,166,80,138,82,4908,415,2023
Paris S-G,21,56.8,8.0,5947,558,1832,2760,1411,210,5946,202,99,49.0,74,36.6,4836,26522,12412,184,197,55,102,91,4543,351,2023
Porto,24,47.5,8.0,4608,613,1703,1929,1025,215,4605,145,62,42.8,65,44.8,2839,13925,7253,144,83,41,126,53,2832,248,2023
Rangers,22,38.5,6.0,3046,455,1224,1291,561,68,3045,89,30,33.7,50,56.2,1707,8592,3860,62,51,17,82,54,1838,137,2023
RB Leipzig,22,50.0,8.0,5175,543,1698,2323,1190,175,5175,112,58,51.8,39,34.8,3642,17613,8524,126,109,33,113,62,3740,335,2023
RB Salzburg,19,40.0,6.0,3016,338,873,1411,779,108,3015,100,33,33.0,52,52.0,1681,9870,4686,86,78,20,112,63,1512,169,2023
Real Madrid,22,53.7,12.0,8840,845,2587,3955,2376,309,8837,270,120,44.4,113,41.9,5616,29146,14677,284,207,94,140,86,6617,492,2023
Sevilla,24,50.7,6.0,3745,455,1427,1531,806,102,3745,79,34,43.0,33,41.8,2092,9099,4185,74,60,18,73,43,2611,230,2023
Shakhtar,20,42.3,6.0,3603,658,1828,1401,396,64,3603,103,32,31.1,57,55.3,2274,11751,5899,104,68,19,71,52,2444,139,2023
Sporting CP,25,45.3,6.0,3470,572,1549,1484,469,67,3470,108,49,45.4,47,43.5,2097,9705,4974,78,56,16,90,88,2240,138,2023
Tottenham,25,50.6,8.0,5113,491,1547,2430,1175,166,5111,135,52,38.5,54,40.0,3027,16071,7784,152,114,27,113,62,3431,353,2023
Viktoria Plzeň,22,29.5,6.0,2475,403,1000,919,585,98,2474,69,24,34.8,37,53.6,1134,5812,2669,68,38,9,74,55,1313,124,2023
Ajax,21,61.4,8.0,5808,416,1413,2600,1843,305,5807,157,82,52.2,74,47.1,3721,17529,9217,179,117,39,119,66,4140,505,2022
Atalanta,21,52.0,6.0,3891,301,1142,1646,1137,148,3891,108,50,46.3,58,53.7,2151,11339,5609,133,101,40,134,65,2514,259,2022
Atlético Madrid,22,40.6,10.0,4965,573,1717,2207,1092,177,4964,134,78,58.2,56,41.8,2580,13669,7225,161,111,40,135,90,2925,283,2022
Barcelona,23,57.8,6.0,4303,331,1036,2168,1140,144,4303,113,77,68.1,36,31.9,2723,13501,7284,142,124,35,91,80,3166,305,2022
Bayern Munich,24,62.9,10.0,7713,559,2009,3459,2308,348,7709,236,162,68.6,74,31.4,5223,25172,13674,238,195,63,158,86,5656,701,2022
Benfica,24,38.9,10.0,5209,751,2013,2190,1059,157,5208,201,108,53.7,93,46.3,2906,15253,7443,155,124,45,146,101,3102,277,2022
Beşiktaş,26,44.2,6.0,3409,434,1210,1647,581,86,3408,125,77,61.6,48,38.4,1719,8959,4483,98,69,23,112,73,2071,177,2022
Chelsea,24,61.0,10.3,7885,440,1665,3731,2560,309,7883,195,108,55.4,87,44.6,4657,23506,12819,226,237,39,152,93,5853,568,2022
Club Brugge,21,38.8,6.0,3160,423,1183,1180,829,122,3160,130,83,63.8,47,36.2,1532,8348,4016,83,68,26,98,50,1779,204,2022
Dortmund,23,51.8,6.0,4022,341,1092,1933,1040,155,4020,141,92,65.2,49,34.8,2566,13434,7220,137,97,40,78,59,2735,252,2022
Dynamo Kyiv,23,41.2,6.0,3389,486,1411,1293,715,96,3389,77,37,48.1,40,51.9,1730,8816,4542,82,63,18,95,32,2147,173,2022
Inter,22,49.1,8.0,5033,573,1670,2147,1254,213,5033,93,44,47.3,49,52.7,3117,15325,8012,146,92,33,105,49,3493,386,2022
Juventus,28,51.5,8.0,5368,490,1566,2628,1211,179,5366,106,67,63.2,39,36.8,3045,14874,7748,153,116,37,123,66,3768,312,2022
Lille,23,46.8,8.0,4567,417,1404,2209,1005,133,4565,172,99,57.6,73,42.4,2247,12562,6140,129,81,32,155,70,2811,281,2022
Liverpool,28,61.8,13.0,10137,637,2450,5012,2772,403,10135,304,164,53.9,139,45.7,5949,28807,14815,291,244,96,249,125,7272,734,2022
Malmö,21,38.0,6.0,2992,442,1201,1369,441,36,2992,71,40,56.3,31,43.7,1900,8357,3417,53,36,8,78,80,1827,128,2022
Manchester City,26,60.1,12.3,9140,613,2049,4437,2720,383,9138,226,135,59.7,91,40.3,6635,33533,18924,338,275,85,157,92,6906,750,2022
Manchester Utd,31,53.9,8.0,5302,451,1556,2571,1222,137,5302,131,68,51.9,63,48.1,2712,14508,7451,133,101,27,140,56,3657,314,2022
Milan,23,46.8,6.0,3367,425,1288,1478,648,94,3367,136,78,57.4,58,42.6,1684,10201,5178,91,86,20,118,68,2037,160,2022
Paris S-G,21,54.9,8.0,5796,717,1998,2661,1183,171,5792,188,113,60.1,75,39.9,3146,17375,9071,166,137,61,115,85,4265,274,2022
Porto,22,47.8,6.0,3226,403,1106,1349,813,123,3225,102,51,50.0,51,50.0,1673,8807,4311,90,68,25,113,50,1911,155,2022
RB Leipzig,23,49.0,6.0,3583,388,1173,1495,940,170,3580,79,45,57.0,34,43.0,1599,8863,4428,88,81,29,80,58,2271,242,2022
RB Salzburg,21,44.4,8.0,4325,419,1457,1857,1068,119,4320,140,69,49.3,71,50.7,2162,11009,6036,127,79,39,158,59,2433,292,2022
Real Madrid,25,51.1,13.7,9305,1023,3127,3737,2521,348,9302,239,136,56.9,103,43.1,5287,29734,15396,289,223,79,154,115,6725,547,2022
Sevilla,22,60.5,6.0,4134,350,1404,1741,1013,115,4132,134,65,48.5,69,51.5,2445,10226,4994,87,75,19,95,48,2807,295,2022
Shakhtar,25,58.8,6.0,4405,442,1191,2165,1078,140,4405,123,71,57.7,52,42.3,2989,15395,8760,146,119,39,86,59,3350,290,2022
Sheriff Tiraspol,19,29.8,6.0,2580,526,1279,869,467,65,2580,85,51,60.0,34,40.0,1487,8270,4384,89,59,19,87,59,1354,99,2022
Sporting CP,27,41.4,8.0,4220,609,1690,1905,676,128,4217,127,70,55.1,57,44.9,2342,12181,6159,126,79,35,131,68,2610,227,2022
Villarreal,25,43.2,12.0,6547,934,2523,2569,1516,208,6545,211,94,44.5,117,55.5,3473,18876,10004,184,130,51,191,104,3982,315,2022
Wolfsburg,21,43.2,6.0,3196,412,1303,1371,567,66,3196,124,64,51.6,60,48.4,1608,8039,4222,79,54,15,121,42,1822,156,2022
Young Boys,24,50.0,6.0,3613,352,1295,1553,806,117,3613,118,54,45.8,64,54.2,2339,11515,5793,111,78,20,119,54,2323,241,2022
Zenit,21,45.7,6.0,3580,372,1149,1587,881,146,3579,71,44,62.0,27,38.0,2196,10438,5408,87,81,20,100,33,2421,224,2022
Ajax,21,56.0,6.0,4074,445,1457,1741,922,118,4073,107,71,66.4,36,33.6,2458,11957,6320,112,77,26,77,57,2597,252,2021
Atalanta,25,46.5,8.0,5004,414,1562,2245,1239,167,5004,132,71,53.8,61,46.2,2500,13097,6282,141,122,45,137,73,3138,309,2021
Atlético Madrid,20,49.1,8.0,5045,463,1398,2284,1404,193,5045,144,98,68.1,46,31.9,2475,13206,7116,157,118,31,115,59,3233,351,2021
Barcelona,27,62.1,8.0,6940,395,1271,3304,2403,288,6933,187,115,61.5,72,38.5,4466,21740,11770,224,187,73,89,96,5494,480,2021
Başakşehir,21,42.8,6.0,3468,388,1192,1515,800,90,3468,95,50,52.6,45,47.4,2117,10902,5293,122,94,26,91,44,2129,188,2021
Bayern Munich,26,59.6,10.0,7454,578,2014,3451,2054,286,7451,221,136,61.5,85,38.5,4573,25822,14496,271,203,64,156,92,5328,579,2021
Chelsea,24,51.8,13.0,8892,834,2640,4241,2085,268,8886,218,135,61.9,83,38.1,5291,24754,12995,254,215,77,208,104,6202,524,2021
Club Brugge,22,50.2,6.0,3889,353,1140,1706,1083,111,3887,99,63,63.6,36,36.4,2390,12611,6165,117,94,19,73,62,2644,245,2021
Dortmund,26,49.5,10.0,7041,695,2112,3099,1884,229,7039,172,94,54.7,78,45.3,4035,21883,11455,178,187,49,144,55,5032,457,2021
Dynamo Kyiv,22,42.5,6.0,3583,457,1449,1542,622,91,3582,60,37,61.7,23,38.3,2124,9875,4948,92,69,18,85,43,2382,180,2021
Ferencváros,20,44.2,6.0,3708,436,1516,1633,594,78,3707,87,48,55.2,39,44.8,2355,10515,5501,69,62,11,103,53,2522,175,2021
Inter,21,50.3,6.0,3923,326,1087,1931,924,157,3923,79,45,57.0,34,43.0,2149,10448,5834,101,46,27,78,36,2762,284,2021
Juventus,22,55.1,8.3,6053,439,1413,3230,1463,232,6051,146,90,61.6,56,38.4,3739,18393,9482,151,133,49,108,56,4427,435,2021
Krasnodar,23,37.5,6.0,3115,386,1079,1369,694,113,3114,91,58,63.7,33,36.3,1718,8987,3930,80,73,16,106,49,1759,199,2021
Lazio,25,44.8,8.0,4898,563,1789,2163,991,129,4895,120,74,61.7,46,38.3,2421,14596,7637,125,117,29,98,56,3264,268,2021
Liverpool,29,52.0,10.0,6997,640,1982,3483,1607,227,6996,185,102,55.1,83,44.9,4418,21750,11459,213,190,57,183,98,4687,435,2021
Loko Moscow,22,38.8,6.0,3093,562,1367,1258,498,70,3091,85,54,63.5,31,36.5,1478,7593,3563,78,50,18,106,54,1678,157,2021
M'Gladbach,21,42.0,8.0,4765,649,1954,2099,754,103,4763,109,68,62.4,41,37.6,2315,11836,6065,111,83,14,64,53,3243,212,2021
Manchester City,25,60.2,13.0,10559,567,1913,5962,2764,380,10557,270,162,60.0,108,40.0,6689,32817,18288,322,291,92,153,117,8220,694,2021
Manchester Utd,23,51.0,6.0,3860,335,989,1887,1017,146,3856,109,68,62.4,41,37.6,1950,10958,5972,128,88,41,92,64,2602,233,2021
Marseille,20,50.0,6.0,3745,421,1357,1773,643,59,3742,98,52,53.1,46,46.9,2167,9810,4859,79,60,14,71,41,2565,189,2021
Midtjylland,22,42.3,6.0,3189,447,1176,1341,716,101,3187,96,62,64.6,34,35.4,1606,8643,4469,89,59,17,100,56,1755,171,2021
Olympiacos,21,49.0,6.0,3723,416,1338,1804,614,74,3723,74,50,67.6,24,32.4,2116,10135,4895,67,50,14,74,55,2477,187,2021
Paris S-G,23,48.3,12.0,7686,980,2838,3474,1457,251,7682,297,175,58.9,122,41.1,4378,22437,11608,215,157,67,195,111,5161,394,2021
Porto,26,39.8,10.3,5228,739,2090,2127,1075,164,5224,182,109,59.9,73,40.1,2574,12609,6076,118,88,30,173,74,3015,246,2021
RB Leipzig,20,52.4,8.0,5396,518,1668,2593,1183,178,5395,112,64,57.1,48,42.9,3047,14864,7304,102,116,26,147,63,3478,323,2021
RB Salzburg,19,48.8,6.0,3724,299,1075,1740,948,142,3724,92,45,48.9,47,51.1,1870,9916,5292,103,85,28,88,49,2151,292,2021
Real Madrid,25,57.6,12.0,9464,779,2526,4695,2321,302,9462,221,147,66.5,74,33.5,5869,29677,14611,281,213,84,151,101,7102,542,2021
Rennes,26,49.5,6.0,3765,346,1183,1766,844,104,3763,95,57,60.0,38,40.0,2023,11068,5454,102,88,24,101,43,2505,214,2021
Sevilla,25,60.3,8.0,5842,441,1495,2857,1534,196,5841,127,76,59.8,51,40.2,3210,16215,8377,137,116,30,126,87,4180,312,2021
Shakhtar,23,45.3,6.0,3682,487,1513,1695,520,58,3682,104,73,70.2,31,29.8,2000,10296,4640,86,67,19,58,74,2571,147,2021
Zenit,21,46.2,6.0,3678,392,1238,1582,896,103,3678,76,45,59.2,31,40.8,1936,10022,5007,90,79,18,92,60,2375,205,2021
Ajax,19,54.5,6.0,3968,374,1173,1768,1078,162,3968,93,61,65.6,32,34.4,2704,12766,6909,122,101,30,86,66,2574,272,2020
Atalanta,23,48.3,9.0,5349,472,1470,2530,1405,207,5344,149,92,61.7,57,38.3,3283,16536,8075,187,151,50,135,87,3390,332,2020
Atlético Madrid,21,45.1,9.3,5607,571,1569,2615,1478,185,5604,138,84,60.9,54,39.1,2968,15235,7694,139,135,33,145,92,3442,382,2020
Barcelona,24,57.0,9.0,6898,679,1800,3497,1662,191,6897,206,144,69.9,62,30.1,4358,22417,12123,180,182,41,103,85,5181,404,2020
Bayern Munich,20,63.8,11.0,8620,593,2102,4182,2397,410,8618,210,128,61.0,82,39.0,5469,27506,15318,315,202,89,137,70,6408,694,2020
Benfica,23,48.5,6.0,3876,387,1241,1678,991,100,3875,89,47,52.8,42,47.2,2215,11741,6480,106,96,17,104,56,2535,266,2020
Chelsea,22,51.4,8.0,5160,458,1526,2403,1300,216,5157,191,133,69.6,58,30.4,3174,17493,9170,213,144,60,116,97,3516,354,2020
Club Brugge,22,41.5,6.0,3238,354,1077,1315,888,114,3237,99,56,56.6,43,43.4,1957,10172,5187,96,68,25,93,65,1931,277,2020
Dinamo Zagreb,21,35.2,6.0,2849,369,931,1330,624,100,2848,144,65,45.1,79,54.9,1516,9267,4606,92,91,20,99,50,1486,133,2020
Dortmund,24,51.8,8.0,5770,449,1724,2520,1576,215,5769,156,96,61.5,59,37.8,3538,17449,8535,174,149,53,104,83,4135,402,2020
Galatasaray,20,46.7,6.0,3593,439,1291,1612,722,61,3593,91,59,64.8,32,35.2,1881,9518,4564,94,75,15,101,58,2291,170,2020
Genk,20,40.3,6.0,3250,457,1177,1335,765,87,3250,132,70,53.0,62,47.0,1569,9250,4644,95,77,21,107,51,1819,202,2020
Inter,20,41.5,6.0,3452,456,1377,1521,589,102,3451,93,60,64.5,33,35.5,1786,10323,5414,94,55,27,62,45,2186,168,2020
Juventus,23,59.4,8.0,6097,488,1505,3084,1555,149,6096,139,93,66.9,45,32.4,3313,18335,9880,196,159,38,100,57,4484,374,2020
Leverkusen,20,58.8,6.0,4727,373,1378,2307,1087,124,4727,114,72,63.2,42,36.8,2901,14663,7212,140,105,22,110,62,3351,262,2020
Lille,21,42.7,6.0,3355,355,1063,1559,786,126,3355,145,81,55.9,63,43.4,1718,9804,5318,116,94,31,103,60,1962,208,2020
Liverpool,20,66.6,8.3,7146,364,1438,3695,2066,286,7146,203,131,64.5,72,35.5,4839,21502,11146,214,177,53,154,75,5213,562,2020
Loko Moscow,20,32.3,6.0,2875,441,1083,1296,530,61,2875,86,51,59.3,35,40.7,1420,7455,3620,63,58,12,103,69,1508,139,2020
Lyon,24,44.9,10.0,5869,669,1881,2684,1366,177,5867,246,165,67.1,81,32.9,3434,17928,9531,217,145,56,158,118,3664,353,2020
Manchester City,23,62.4,9.0,7135,440,1426,3663,2104,278,7132,187,128,68.4,59,31.6,5285,25815,14361,270,237,70,108,91,5457,484,2020
Napoli,24,47.5,8.0,5135,586,1759,2354,1065,151,5131,127,72,56.7,55,43.3,2737,14173,7846,147,102,42,118,88,3452,312,2020
Olympiacos,17,45.0,6.0,3263,428,1196,1498,599,101,3261,126,82,65.1,44,34.9,1736,9107,4657,94,56,23,78,60,2036,186,2020
Paris S-G,24,53.2,11.0,7823,717,2423,3963,1515,225,7822,228,137,60.1,91,39.9,4706,22862,12052,204,187,58,165,95,5608,443,2020
RB Leipzig,25,57.1,10.0,7632,600,1974,3669,2047,259,7628,174,102,58.6,72,41.4,4298,22171,12453,233,189,36,183,76,5269,560,2020
RB Salzburg,21,44.8,6.0,3536,358,1055,1660,859,157,3534,103,47,45.6,56,54.4,1601,8305,4626,102,65,36,109,53,2045,258,2020
Real Madrid,25,54.8,8.0,6067,521,1686,2662,1760,245,6066,155,97,62.6,58,37.4,3771,20974,10974,195,175,67,105,77,4478,409,2020
Red Star,19,36.5,6.0,2906,451,1087,1397,454,78,2905,98,46,46.9,52,53.1,1495,8559,4557,82,57,15,101,45,1631,168,2020
Shakhtar,18,49.8,6.0,3831,397,1253,1850,763,117,3830,116,73,62.9,43,37.1,2763,15339,8007,139,96,30,87,48,2684,178,2020
Slavia Prague,20,48.7,6.0,3808,380,1188,1550,1112,134,3807,98,45,45.9,53,54.1,2141,11432,5369,104,97,27,110,56,2417,270,2020
Tottenham,28,50.0,8.0,5209,514,1403,2680,1170,159,5207,197,111,56.3,86,43.7,3515,15844,8149,158,126,29,108,80,3530,295,2020
Valencia,23,48.5,8.0,4791,612,1684,2158,1001,143,4788,122,66,54.1,56,45.9,2506,12769,6524,122,85,20,106,63,3010,304,2020
Zenit,19,39.5,6.0,3316,435,1238,1393,725,94,3316,100,54,54.0,46,46.0,1752,9216,4856,81,65,17,70,41,1871,173,2020
AEK Athens,20,40.8,6.0,3133,429,1064,1611,498,55,3133,87,48,55.2,39,44.8,1737,9883,4799,79,58,14,76,81,1913,142,2019
Ajax,22,52.9,12.0,7949,678,2244,3815,1967,307,7947,229,128,55.9,101,44.1,4666,23610,12171,236,175,59,205,124,5100,501,2019
Atlético Madrid,21,48.9,8.0,5113,336,1176,2552,1434,175,5113,104,63,60.6,41,39.4,2824,14763,7479,151,125,32,106,69,3367,325,2019
Barcelona,23,61.4,12.0,9738,777,2460,5027,2321,309,9737,212,129,60.8,83,39.2,5498,27244,14770,260,241,79,131,110,7398,558,2019
Bayern Munich,20,56.9,8.0,5916,510,1962,2827,1163,215,5914,125,69,55.2,56,44.8,3543,19116,10448,204,144,61,102,99,4137,368,2019
Benfica,20,44.3,6.0,3478,318,1097,1714,722,99,3478,91,56,61.5,35,38.5,2049,10572,5322,106,84,14,80,68,2148,205,2019
Club Brugge,25,40.2,6.0,3377,363,1035,1660,706,65,3376,51,35,68.6,16,31.4,1840,9162,4791,100,71,10,98,64,2100,220,2019
CSKA Moscow,22,44.7,6.0,3354,407,1147,1468,768,114,3352,94,54,57.4,40,42.6,1560,9147,4843,109,85,21,64,51,2046,218,2019
Dortmund,24,60.6,8.0,6904,418,1656,3659,1641,191,6903,140,80,57.1,59,42.1,4703,22779,11436,170,174,49,138,86,5236,444,2019
Galatasaray,21,53.5,6.0,3641,320,1028,1799,841,98,3638,94,58,61.7,36,38.3,1718,10045,5426,100,69,15,92,46,2375,211,2019
Hoffenheim,25,45.0,6.0,3334,327,1058,1594,724,129,3333,86,62,72.1,24,27.9,1683,10428,5924,139,78,30,86,67,2130,257,2019
Inter,17,47.7,6.0,3730,399,1256,1716,785,125,3730,67,34,50.7,33,49.3,1773,10954,5875,129,77,16,68,47,2475,241,2019
Juventus,22,55.2,10.0,6707,534,1679,3533,1565,216,6704,190,114,60.0,75,39.5,3661,20969,11253,227,180,47,150,93,4690,455,2019
Liverpool,20,51.6,13.0,8541,722,2211,4203,2210,375,8536,182,118,64.8,64,35.2,5038,25344,13710,269,214,66,196,151,5583,625,2019
Loko Moscow,19,45.8,6.0,3423,329,912,1674,871,111,3422,73,41,56.2,32,43.8,1551,9592,5102,103,81,30,96,74,1937,203,2019
Lyon,21,43.6,8.0,4775,537,1498,2358,978,174,4775,143,92,64.3,51,35.7,2815,15412,8176,157,115,49,118,81,3139,288,2019
Manchester City,21,63.0,10.0,7814,497,1493,4363,2026,315,7810,191,117,61.3,73,38.2,5677,29227,16288,312,240,88,115,120,5939,576,2019
Manchester Utd,26,45.6,10.0,6044,563,1587,3050,1456,177,6042,145,84,57.9,61,42.1,3230,17230,9405,205,155,58,131,120,4112,394,2019
Monaco,29,45.0,6.0,3632,339,1098,1788,782,88,3631,76,36,47.4,40,52.6,2425,13279,7204,135,106,25,77,76,2430,239,2019
Napoli,18,56.3,6.0,4755,388,1159,2612,1010,118,4754,76,46,60.5,30,39.5,3012,12223,7116,97,94,16,63,55,3444,312,2019
Paris S-G,20,58.5,8.0,5982,453,1680,3014,1338,214,5982,155,95,61.3,60,38.7,3577,18391,9879,212,153,58,113,80,4445,339,2019
Porto,25,53.0,10.3,6153,582,1893,2919,1410,230,6148,201,108,53.7,93,46.3,3349,19332,9595,191,166,50,149,123,3738,372,2019
PSV Eindhoven,18,31.8,6.0,2775,481,1102,1125,580,97,2775,71,38,53.5,33,46.5,1231,7455,3937,85,63,19,78,56,1440,142,2019
Real Madrid,24,62.1,8.0,6291,471,1504,2999,1837,269,6291,148,91,61.5,57,38.5,4125,22827,11606,257,167,87,109,78,4660,535,2019
Red Star,20,30.5,6.0,2781,476,1227,1158,423,54,2781,70,41,58.6,29,41.4,1520,7429,3466,63,63,11,80,60,1404,116,2019
Roma,24,49.3,8.3,5032,553,1630,2356,1100,189,5031,146,80,54.8,66,45.2,2753,15155,7862,153,100,39,115,81,3268,396,2019
Schalke 04,27,42.3,8.0,4164,393,1463,1921,830,125,4161,122,67,54.9,55,45.1,2076,12991,6767,147,104,31,104,102,2419,240,2019
Shakhtar,20,49.2,6.0,3774,410,1221,1773,817,130,3774,66,33,50.0,33,50.0,2399,12707,6655,135,121,31,83,62,2613,212,2019
Tottenham,24,52.5,13.0,8508,819,2443,4165,1983,316,8508,252,148,58.7,104,41.3,5220,26422,13095,275,194,82,214,153,5693,557,2019
Valencia,22,50.3,6.0,3679,327,1004,1840,866,122,3678,98,59,60.2,38,38.8,2359,11973,6365,126,99,23,88,68,2465,267,2019
Viktoria Plzeň,21,38.8,6.0,3003,426,1102,1263,673,104,3002,61,30,49.2,31,50.8,1360,8516,4394,93,84,21,53,51,1760,204,2019
Young Boys,20,41.3,6.0,3226,355,983,1561,720,101,3224,66,35,53.0,31,47.0,1665,10214,5373,109,100,21,99,47,1924,178,2019
Anderlecht,20,42.5,6.0,3606,343,976,1913,757,93,3606,93,59,63.4,34,36.6,1761,9417,4838,88,76,18,76,66,2398,242,2018
APOEL FC,21,31.7,6.0,2748,452,1188,1143,447,71,2748,68,28,41.2,40,58.8,1350,7386,3672,63,45,16,85,70,1451,125,2018
Atlético Madrid,20,51.8,6.0,4004,296,948,1952,1146,144,4003,95,59,62.1,36,37.9,2376,13220,7452,158,125,31,82,71,2725,295,2018
Barcelona,22,64.2,10.0,8198,609,1997,4282,1967,237,8198,177,113,63.8,64,36.2,5343,24993,13094,198,201,71,123,105,6317,510,2018
Basel,21,35.9,8.0,4035,455,1495,1946,657,108,4034,148,92,62.2,54,36.5,2108,11543,6239,126,88,31,118,70,2292,196,2018
Bayern Munich,22,58.8,12.0,8775,639,2102,4184,2563,416,8774,190,126,66.3,64,33.7,5415,28267,15006,329,277,93,131,129,6327,723,2018
Benfica,25,56.8,6.0,4249,255,886,2396,993,107,4249,110,77,70.0,33,30.0,2444,13077,7168,137,112,20,77,73,2974,247,2018
Beşiktaş,23,47.8,8.0,4582,560,1563,2158,907,138,4580,136,83,61.0,52,38.2,2182,12324,6279,135,92,35,131,90,2685,262,2018
Celtic,20,43.0,6.0,3755,464,1450,1886,465,80,3755,108,65,60.2,43,39.8,2033,10606,5497,112,82,32,82,64,2573,156,2018
Chelsea,19,45.9,8.0,5008,415,1369,2385,1317,193,5006,166,111,66.9,55,33.1,3053,16835,8854,178,121,50,103,104,3472,340,2018
CSKA Moscow,20,43.5,6.0,3594,342,1132,1730,774,94,3593,68,45,66.2,23,33.8,1621,8681,4729,101,82,12,88,73,2140,196,2018
Dortmund,22,58.3,6.0,4528,311,1116,2370,1081,144,4528,110,68,61.8,42,38.2,2723,13991,7262,133,119,38,86,60,3278,313,2018
Feyenoord,23,39.0,6.0,3216,399,1290,1483,483,55,3215,85,60,70.6,25,29.4,1897,9666,4346,81,55,13,87,55,1948,137,2018
Juventus,23,49.4,10.0,6335,533,1881,3225,1288,182,6333,159,117,73.6,42,26.4,3764,18303,9065,191,142,46,122,87,4404,397,2018
Liverpool,24,50.0,13.0,8804,710,2209,4555,2127,376,8801,266,174,65.4,90,33.8,5511,26072,14014,280,223,90,173,121,5794,608,2018
Manchester City,25,65.8,10.0,9099,556,1983,5232,1976,270,9097,253,183,72.3,69,27.3,6621,31359,16274,296,267,70,166,113,7018,562,2018
Manchester Utd,25,56.9,8.0,5802,428,1384,3172,1299,170,5799,175,112,64.0,63,36.0,3964,18965,9748,190,150,43,112,73,4074,343,2018
Monaco,23,47.2,6.0,3378,297,934,1690,793,108,3377,94,56,59.6,38,40.4,1846,9829,5171,89,77,18,84,83,1951,274,2018
Napoli,20,54.7,6.0,4453,332,1060,2586,851,107,4449,75,49,65.3,26,34.7,2616,12464,7188,129,107,24,77,63,3241,315,2018
NK Maribor,17,33.8,6.0,3082,524,1354,1277,484,57,3082,87,49,56.3,38,43.7,1484,9572,5096,94,78,17,76,61,1850,150,2018
Olympiacos,22,36.8,6.0,2997,405,1138,1313,581,60,2997,94,51,54.3,43,45.7,1620,9205,4469,85,64,15,51,61,1828,167,2018
Paris S-G,19,53.3,8.0,5956,491,1714,2996,1326,239,5955,218,137,62.8,81,37.2,3525,18454,9728,210,156,47,107,108,4434,361,2018
Porto,25,45.1,8.0,4552,466,1563,2173,887,176,4552,180,107,59.4,73,40.6,2634,14672,7154,159,109,38,110,118,2726,274,2018
Qarabağ FK,20,44.0,6.0,3543,468,1410,1792,380,42,3543,97,58,59.8,39,40.2,2057,11170,5145,97,69,17,89,41,2318,147,2018
RB Leipzig,19,55.8,6.0,4010,355,1090,2093,874,144,4009,124,90,72.6,34,27.4,2074,12229,6693,162,115,47,113,78,2518,269,2018
Real Madrid,23,57.4,13.0,9726,733,2453,4764,2597,385,9722,223,155,69.5,68,30.5,6464,32317,16867,365,263,112,137,119,7179,727,2018
Roma,20,50.9,12.0,7501,714,2169,3759,1648,247,7498,210,131,62.4,79,37.6,4931,26077,13343,273,165,67,170,137,5010,553,2018
Sevilla,22,57.8,10.0,7403,490,1732,3800,1917,246,7401,190,121,63.7,68,35.8,4580,20925,11650,225,148,61,139,117,5167,595,2018
Shakhtar,20,47.5,8.0,4874,609,1873,2069,987,143,4874,154,106,68.8,48,31.2,2810,15902,8050,198,123,51,102,106,3353,230,2018
Spartak Moscow,20,46.2,6.0,3762,378,1132,1862,797,95,3762,82,49,59.8,33,40.2,1908,10225,5577,96,88,19,94,66,2442,264,2018
Sporting CP,21,41.3,6.0,3190,328,948,1618,663,83,3190,93,62,66.7,31,33.3,1607,9691,5119,103,84,20,85,85,1991,185,2018
Tottenham,26,49.9,8.0,5128,489,1401,2551,1226,176,5128,145,96,66.2,47,32.4,3255,15751,8012,153,129,48,118,97,3474,348,2018
