Squad,# Pl,MP,Starts,Min,90s,GA,GA90,SoTA,Saves,Save%,W,D,L,CS,CS%,PKatt,PKA,PKsv,PKm,Save%,Année édition
Ajax,1,6,6,540,6.0,16,2.67,37,21,62.2,2,0,4,1,16.7,2,2,0,0,0.0,2022-2023
Atlético Madrid,2,6,6,540,6.0,9,1.50,27,18,70.4,1,2,3,1,16.7,1,1,0,0,0.0,2022-2023
Barcelona,2,6,6,540,6.0,12,2.00,30,18,63.3,2,1,3,0,0.0,1,1,0,0,0.0,2022-2023
Bayern Munich,3,10,10,900,10.0,6,0.60,36,30,83.3,8,1,1,7,70.0,1,0,0,1,,2022-2023
Benfica,1,10,10,900,10.0,13,1.30,31,18,67.7,6,3,1,2,20.0,3,3,0,0,0.0,2022-2023
Celtic,1,6,6,540,6.0,15,2.50,31,16,58.1,0,2,4,0,0.0,2,2,0,0,0.0,2022-2023
Chelsea,2,10,10,900,10.0,9,0.90,37,28,75.7,5,1,4,3,30.0,0,0,0,0,,2022-2023
Club Brugge,1,8,8,720,8.0,11,1.37,45,34,80.0,3,2,3,5,62.5,3,2,0,1,0.0,2022-2023
Dinamo Zagreb,1,6,6,540,6.0,11,1.83,35,25,77.1,1,1,4,1,16.7,3,3,0,0,0.0,2022-2023
Dortmund,2,8,8,720,8.0,7,0.87,36,28,83.3,3,3,2,3,37.5,2,1,1,0,50.0,2022-2023
Eint Frankfurt,1,8,8,720,8.0,13,1.62,41,27,73.2,3,1,4,2,25.0,4,2,1,1,33.3,2022-2023
FC Copenhagen,2,6,6,540,6.0,12,2.00,38,26,71.1,0,3,3,2,33.3,2,1,1,0,50.0,2022-2023
Inter,1,13,13,"1,170",13.0,11,0.85,57,47,80.7,7,3,3,8,61.5,0,0,0,0,,2022-2023
Juventus,2,6,6,540,6.0,13,2.17,32,19,65.6,1,0,5,0,0.0,2,2,0,0,0.0,2022-2023
Leverkusen,1,6,6,540,6.0,8,1.33,24,15,75.0,1,2,3,2,33.3,3,2,1,0,33.3,2022-2023
Liverpool,1,8,8,720,8.0,12,1.50,28,15,60.7,5,0,3,3,37.5,2,1,1,0,50.0,2022-2023
Maccabi Haifa,1,6,6,540,6.0,21,3.50,42,22,50.0,1,0,5,1,16.7,0,0,0,0,,2022-2023
Manchester City,2,13,13,"1,170",13.0,5,0.38,37,32,89.2,8,5,0,8,61.5,1,1,0,0,0.0,2022-2023
Marseille,1,6,6,540,6.0,8,1.33,20,12,60.0,2,0,4,1,16.7,0,0,0,0,,2022-2023
Milan,2,12,12,"1,080",12.0,11,0.92,52,40,80.8,5,3,4,5,41.7,2,1,1,0,50.0,2022-2023
Napoli,1,10,10,900,10.0,8,0.80,30,21,76.7,7,1,2,4,40.0,2,1,1,0,50.0,2022-2023
Paris S-G,1,8,8,720,8.0,10,1.25,35,26,74.3,4,2,2,0,0.0,1,1,0,0,0.0,2022-2023
Porto,1,8,8,720,8.0,8,1.00,38,28,81.6,4,1,3,4,50.0,4,1,3,0,75.0,2022-2023
Rangers,2,6,6,540,6.0,22,3.67,51,28,60.8,0,0,6,0,0.0,3,2,1,0,33.3,2022-2023
RB Leipzig,2,8,8,720,8.0,17,2.12,39,22,61.5,4,1,3,2,25.0,2,2,0,0,0.0,2022-2023
RB Salzburg,1,6,6,540,6.0,9,1.50,30,21,70.0,1,3,2,1,16.7,0,0,0,0,,2022-2023
Real Madrid,2,12,12,"1,080",12.0,13,1.08,58,44,77.6,8,2,2,5,41.7,1,0,1,0,100.0,2022-2023
Sevilla,2,6,6,540,6.0,12,2.00,30,18,60.0,1,2,3,2,33.3,0,0,0,0,,2022-2023
Shakhtar,1,6,6,540,6.0,10,1.67,38,30,73.7,1,3,2,0,0.0,0,0,0,0,,2022-2023
Sporting CP,2,6,6,537,6.0,9,1.51,29,20,75.9,2,1,3,2,33.3,2,2,0,0,0.0,2022-2023
Tottenham,2,8,8,720,8.0,7,0.87,30,23,76.7,3,3,2,3,37.5,0,0,0,0,,2022-2023
Viktoria Plzeň,2,6,6,540,6.0,24,4.00,55,31,56.4,0,0,6,0,0.0,0,0,0,0,,2022-2023
Ajax,2,8,8,720,8.0,8,1.00,22,15,72.7,6,1,1,2,25.0,2,2,0,0,0.0,2021-2022
Atalanta,1,6,6,540,6.0,13,2.17,34,21,61.8,1,3,2,1,16.7,0,0,0,0,,2021-2022
Atlético Madrid,1,10,10,900,10.0,10,1.00,36,26,77.8,3,3,4,3,30.0,2,2,0,0,0.0,2021-2022
Barcelona,1,6,6,540,6.0,9,1.50,25,16,68.0,2,1,3,3,50.0,1,1,0,0,0.0,2021-2022
Bayern Munich,2,10,10,900,10.0,7,0.70,25,18,72.0,7,2,1,4,40.0,0,0,0,0,,2021-2022
Benfica,1,10,10,900,10.0,17,1.70,52,35,67.3,3,4,3,5,50.0,1,0,1,0,100.0,2021-2022
Beşiktaş,2,6,6,540,6.0,19,3.17,43,24,62.8,0,0,6,0,0.0,3,3,0,0,0.0,2021-2022
Chelsea,2,10,10,930,10.3,10,0.97,23,13,60.9,7,1,2,5,50.0,1,1,0,0,0.0,2021-2022
Club Brugge,1,6,6,540,6.0,20,3.33,47,27,63.8,1,1,4,0,0.0,3,3,0,0,0.0,2021-2022
Dortmund,1,6,6,540,6.0,11,1.83,23,12,52.2,3,0,3,2,33.3,1,0,1,0,100.0,2021-2022
Dynamo Kyiv,2,6,6,540,6.0,11,1.83,28,17,64.3,0,1,5,1,16.7,1,1,0,0,0.0,2021-2022
Inter,1,8,8,720,8.0,7,0.87,19,12,63.2,4,1,3,3,37.5,0,0,0,0,,2021-2022
Juventus,2,8,8,720,8.0,10,1.25,24,15,66.7,5,1,2,4,50.0,2,2,0,0,0.0,2021-2022
Lille,2,8,8,720,8.0,8,1.00,24,16,75.0,3,2,3,3,37.5,2,2,0,0,0.0,2021-2022
Liverpool,1,13,13,"1,170",13.0,14,1.08,28,14,50.0,10,1,2,4,30.8,0,0,0,0,,2021-2022
Malmö,2,6,6,540,6.0,14,2.33,44,29,77.3,0,1,5,0,0.0,5,4,1,0,20.0,2021-2022
Manchester City,3,12,12,"1,110",12.3,16,1.30,34,19,58.8,7,2,3,4,33.3,2,2,0,0,0.0,2021-2022
Manchester Utd,3,8,8,720,8.0,10,1.25,33,23,69.7,3,3,2,1,12.5,0,0,0,0,,2021-2022
Milan,2,6,6,540,6.0,9,1.50,29,20,72.4,1,1,4,1,16.7,2,1,1,0,50.0,2021-2022
Paris S-G,2,8,8,720,8.0,11,1.37,41,29,75.6,4,2,2,2,25.0,2,1,1,0,50.0,2021-2022
Porto,1,6,6,540,6.0,11,1.83,28,18,60.7,1,2,3,2,33.3,0,0,0,0,,2021-2022
RB Leipzig,2,6,6,540,6.0,14,2.33,27,14,55.6,2,1,3,1,16.7,3,2,0,1,0.0,2021-2022
RB Salzburg,1,8,8,720,8.0,14,1.75,30,16,63.3,3,2,3,1,12.5,3,3,0,0,0.0,2021-2022
Real Madrid,1,13,13,"1,230",13.7,14,1.02,72,57,80.6,9,0,4,5,38.5,1,0,1,0,100.0,2021-2022
Sevilla,1,6,6,540,6.0,5,0.83,19,14,84.2,1,3,2,2,33.3,4,2,0,2,0.0,2021-2022
Shakhtar,3,6,6,540,6.0,12,2.00,35,24,65.7,0,2,4,1,16.7,0,0,0,0,,2021-2022
Sheriff Tiraspol,2,6,6,540,6.0,11,1.83,43,32,76.7,2,1,3,1,16.7,1,1,0,0,0.0,2021-2022
Sporting CP,2,8,8,720,8.0,17,2.12,36,19,55.6,3,1,4,2,25.0,1,1,0,0,0.0,2021-2022
Villarreal,1,12,12,"1,080",12.0,16,1.33,55,40,70.9,5,3,4,3,25.0,0,0,0,0,,2021-2022
Wolfsburg,2,6,6,540,6.0,10,1.67,33,23,72.7,1,2,3,1,16.7,1,1,0,0,0.0,2021-2022
Young Boys,2,6,6,540,6.0,12,2.00,32,20,62.5,1,2,3,0,0.0,0,0,0,0,,2021-2022
Zenit,2,6,6,540,6.0,10,1.67,26,16,65.4,1,2,3,1,16.7,1,1,0,0,0.0,2021-2022
Ajax,1,6,6,540,6.0,7,1.17,28,22,78.6,2,1,3,0,0.0,1,1,0,0,0.0,2020-2021
Atalanta,2,8,8,720,8.0,12,1.50,38,26,73.7,3,2,3,3,37.5,2,2,0,0,0.0,2020-2021
Atlético Madrid,1,8,8,720,8.0,11,1.37,24,14,62.5,2,3,3,2,25.0,2,2,0,0,0.0,2020-2021
Barcelona,2,8,8,720,8.0,10,1.25,29,19,79.3,5,1,2,3,37.5,4,4,0,0,0.0,2020-2021
Başakşehir,1,6,6,540,6.0,18,3.00,36,18,55.6,1,0,5,0,0.0,2,2,0,0,0.0,2020-2021
Bayern Munich,2,10,10,900,10.0,10,1.00,48,38,79.2,8,1,1,3,30.0,0,0,0,0,,2020-2021
Chelsea,2,13,13,"1,170",13.0,4,0.31,36,32,88.9,9,3,1,9,69.2,0,0,0,0,,2020-2021
Club Brugge,2,6,6,540,6.0,10,1.67,28,19,67.9,2,2,2,1,16.7,1,1,0,0,0.0,2020-2021
Dortmund,2,10,10,900,10.0,13,1.30,40,28,75.0,5,2,3,3,30.0,3,3,0,0,0.0,2020-2021
Dynamo Kyiv,3,6,6,540,6.0,13,2.17,40,27,72.5,1,1,4,1,16.7,2,2,0,0,0.0,2020-2021
Ferencváros,1,6,6,540,6.0,17,2.83,36,20,61.1,0,1,5,0,0.0,3,3,0,0,0.0,2020-2021
Inter,1,6,6,540,6.0,9,1.50,23,15,69.6,1,3,2,2,33.3,2,2,0,0,0.0,2020-2021
Juventus,2,8,8,750,8.3,8,0.96,35,27,82.9,6,0,2,3,37.5,2,2,0,0,0.0,2020-2021
Krasnodar,2,6,6,540,6.0,11,1.83,43,32,81.4,1,2,3,1,16.7,4,3,0,1,0.0,2020-2021
Lazio,2,8,8,720,8.0,13,1.62,35,23,68.6,2,4,2,0,0.0,2,2,0,0,0.0,2020-2021
Liverpool,3,10,10,900,10.0,6,0.60,38,32,86.8,6,2,2,7,70.0,1,1,0,0,0.0,2020-2021
Loko Moscow,1,6,6,540,6.0,10,1.67,35,25,71.4,0,3,3,1,16.7,0,0,0,0,,2020-2021
M'Gladbach,1,8,8,720,8.0,13,1.62,35,22,62.9,2,2,4,2,25.0,0,0,0,0,,2020-2021
Manchester City,2,13,13,"1,170",13.0,5,0.38,24,19,79.2,11,1,1,8,61.5,0,0,0,0,,2020-2021
Manchester Utd,2,6,6,540,6.0,10,1.67,24,15,58.3,3,0,3,1,16.7,0,0,0,0,,2020-2021
Marseille,1,6,6,540,6.0,13,2.17,25,13,56.0,1,0,5,0,0.0,2,2,0,0,0.0,2020-2021
Midtjylland,2,6,6,540,6.0,13,2.17,36,23,66.7,0,2,4,0,0.0,1,1,0,0,0.0,2020-2021
Olympiacos,1,6,6,540,6.0,10,1.67,34,24,79.4,1,0,5,1,16.7,3,3,0,0,0.0,2020-2021
Paris S-G,1,12,12,"1,080",12.0,15,1.25,69,53,82.6,6,1,5,2,16.7,3,3,0,0,0.0,2020-2021
Porto,2,10,10,930,10.3,9,0.87,39,30,79.5,6,1,3,6,60.0,2,1,0,1,0.0,2020-2021
RB Leipzig,1,8,8,720,8.0,16,2.00,37,21,64.9,4,0,4,1,12.5,4,3,1,0,25.0,2020-2021
RB Salzburg,1,6,6,540,6.0,17,2.83,32,16,53.1,1,1,4,0,0.0,2,2,0,0,0.0,2020-2021
Real Madrid,1,12,12,"1,080",12.0,14,1.17,39,26,64.1,6,3,3,4,33.3,0,0,0,0,,2020-2021
Rennes,2,6,6,540,6.0,11,1.83,29,18,69.0,0,1,5,0,0.0,2,2,0,0,0.0,2020-2021
Sevilla,3,8,8,720,8.0,13,1.62,34,21,73.5,4,2,2,2,25.0,4,4,0,0,0.0,2020-2021
Shakhtar,2,6,6,540,6.0,12,2.00,37,26,70.3,2,2,2,3,50.0,1,1,0,0,0.0,2020-2021
Zenit,1,6,6,540,6.0,13,2.17,28,15,64.3,0,1,5,0,0.0,3,3,0,0,0.0,2020-2021
Ajax,1,6,6,540,6.0,6,1.00,30,24,86.7,3,1,2,3,50.0,3,2,0,1,0.0,2019-2020
Atalanta,2,9,9,810,9.0,18,2.00,46,28,63.0,4,1,4,2,22.2,2,1,0,1,0.0,2019-2020
Atlético Madrid,1,9,9,840,9.3,9,0.96,30,22,70.0,5,1,3,4,44.4,0,0,0,0,,2019-2020
Barcelona,2,9,9,810,9.0,14,1.56,48,33,72.9,5,3,1,2,22.2,2,1,1,0,50.0,2019-2020
Bayern Munich,1,11,11,990,11.0,8,0.73,34,27,79.4,11,0,0,6,54.5,1,1,0,0,0.0,2019-2020
Benfica,1,6,6,540,6.0,11,1.83,28,18,64.3,2,1,3,1,16.7,1,1,0,0,0.0,2019-2020
Chelsea,2,8,8,720,8.0,16,2.00,33,18,54.5,3,2,3,1,12.5,2,1,1,0,50.0,2019-2020
Club Brugge,1,6,6,540,6.0,12,2.00,26,14,53.8,0,3,3,1,16.7,0,0,0,0,,2019-2020
Dinamo Zagreb,1,6,6,540,6.0,13,2.17,35,22,68.6,1,2,3,1,16.7,2,2,0,0,0.0,2019-2020
Dortmund,1,8,8,720,8.0,11,1.37,37,25,70.3,4,1,3,2,25.0,1,0,1,0,100.0,2019-2020
Galatasaray,1,6,6,540,6.0,14,2.33,47,33,74.5,0,2,4,1,16.7,2,2,0,0,0.0,2019-2020
Genk,2,6,6,540,6.0,20,3.33,41,21,56.1,0,1,5,1,16.7,2,2,0,0,0.0,2019-2020
Inter,1,6,6,540,6.0,9,1.50,30,21,73.3,2,1,3,1,16.7,1,1,0,0,0.0,2019-2020
Juventus,2,8,8,720,8.0,6,0.75,23,17,78.3,6,1,1,3,37.5,1,1,0,0,0.0,2019-2020
Leverkusen,1,6,6,540,6.0,9,1.50,28,19,67.9,2,0,4,1,16.7,0,0,0,0,,2019-2020
Lille,2,6,6,540,6.0,14,2.33,32,19,59.4,0,1,5,0,0.0,1,1,0,0,0.0,2019-2020
Liverpool,2,8,8,750,8.3,12,1.44,33,21,66.7,4,1,3,1,12.5,1,1,0,0,0.0,2019-2020
Loko Moscow,2,6,6,540,6.0,11,1.83,42,32,76.2,1,0,5,0,0.0,2,1,1,0,50.0,2019-2020
Lyon,1,10,10,900,10.0,14,1.40,38,24,71.1,4,2,4,2,20.0,3,3,0,0,0.0,2019-2020
Manchester City,3,9,9,803,9.0,9,1.01,27,18,70.4,6,2,1,2,22.2,1,1,0,0,0.0,2019-2020
Napoli,2,8,8,720,8.0,8,1.00,25,17,80.0,3,4,1,3,37.5,3,3,0,0,0.0,2019-2020
Olympiacos,1,6,6,540,6.0,14,2.33,35,21,62.9,1,1,4,1,16.7,2,1,0,1,0.0,2019-2020
Paris S-G,2,11,11,990,11.0,6,0.55,29,22,79.3,8,1,2,7,63.6,1,0,1,0,100.0,2019-2020
RB Leipzig,2,10,10,900,10.0,12,1.20,46,34,76.1,6,2,2,3,30.0,1,1,0,0,0.0,2019-2020
RB Salzburg,2,6,6,540,6.0,13,2.17,29,16,55.2,2,1,3,0,0.0,0,0,0,0,,2019-2020
Real Madrid,2,8,8,720,8.0,12,1.50,34,22,67.6,3,2,3,2,25.0,1,1,0,0,0.0,2019-2020
Red Star,1,6,6,540,6.0,20,3.33,53,33,66.0,1,0,5,0,0.0,2,2,0,0,0.0,2019-2020
Shakhtar,1,6,6,540,6.0,13,2.17,33,19,63.6,1,3,2,0,0.0,2,1,1,0,50.0,2019-2020
Slavia Prague,1,6,6,540,6.0,10,1.67,35,26,71.4,0,2,4,1,16.7,0,0,0,0,,2019-2020
Tottenham,2,8,8,720,8.0,18,2.25,47,29,66.0,3,1,4,2,25.0,2,2,0,0,0.0,2019-2020
Valencia,2,8,8,720,8.0,15,1.87,39,24,66.7,3,2,3,2,25.0,3,2,0,1,0.0,2019-2020
Zenit,2,6,6,540,6.0,9,1.50,38,30,81.6,2,1,3,1,16.7,2,2,0,0,0.0,2019-2020
AEK Athens,1,6,6,540,6.0,13,2.17,40,27,72.5,0,0,6,0,0.0,2,2,0,0,0.0,2018-2019
Ajax,1,12,12,"1,080",12.0,13,1.08,53,40,77.4,6,4,2,4,33.3,1,1,0,0,0.0,2018-2019
Atlético Madrid,1,8,8,720,8.0,9,1.13,19,10,57.9,5,1,2,4,50.0,2,1,0,1,0.0,2018-2019
Barcelona,2,12,12,"1,080",12.0,10,0.83,42,32,76.2,8,3,1,6,50.0,0,0,0,0,,2018-2019
Bayern Munich,1,8,8,720,8.0,8,1.00,30,22,76.7,4,3,1,4,50.0,1,1,0,0,0.0,2018-2019
Benfica,1,6,6,540,6.0,11,1.83,35,24,68.6,2,1,3,1,16.7,0,0,0,0,,2018-2019
Club Brugge,2,6,6,540,6.0,5,0.83,22,17,77.3,1,3,2,3,50.0,0,0,0,0,,2018-2019
CSKA Moscow,3,6,6,539,6.0,9,1.50,39,29,76.9,2,1,3,2,33.3,1,0,1,0,100.0,2018-2019
Dortmund,2,8,8,720,8.0,6,0.75,22,16,72.7,4,1,3,5,62.5,0,0,0,0,,2018-2019
Galatasaray,1,6,6,540,6.0,8,1.33,24,17,70.8,1,1,4,2,33.3,1,1,0,0,0.0,2018-2019
Hoffenheim,1,6,6,540,6.0,14,2.33,43,29,67.4,0,3,3,0,0.0,0,0,0,0,,2018-2019
Inter,1,6,6,540,6.0,7,1.17,39,32,82.1,2,2,2,0,0.0,0,0,0,0,,2018-2019
Juventus,1,10,10,900,10.0,9,0.90,31,22,74.2,5,1,4,5,50.0,2,1,1,0,50.0,2018-2019
Liverpool,1,13,13,"1,170",13.0,12,0.92,56,45,78.6,8,1,4,6,46.2,0,0,0,0,,2018-2019
Loko Moscow,1,6,6,540,6.0,12,2.00,33,21,69.7,1,0,5,1,16.7,2,2,0,0,0.0,2018-2019
Lyon,2,8,8,720,8.0,16,2.00,52,36,71.2,1,6,1,1,12.5,1,1,0,0,0.0,2018-2019
Manchester City,1,10,10,900,10.0,12,1.20,33,21,72.7,7,1,2,3,30.0,3,3,0,0,0.0,2018-2019
Manchester Utd,2,10,10,900,10.0,11,1.10,34,25,67.6,4,1,5,3,30.0,0,0,0,0,,2018-2019
Monaco,3,6,6,540,6.0,14,2.33,28,14,53.6,0,1,5,0,0.0,2,1,0,1,0.0,2018-2019
Napoli,1,6,6,540,6.0,5,0.83,20,15,75.0,2,3,1,2,33.3,0,0,0,0,,2018-2019
Paris S-G,2,8,8,720,8.0,12,1.50,28,16,71.4,4,2,2,1,12.5,4,4,0,0,0.0,2018-2019
Porto,1,10,10,930,10.3,15,1.45,37,21,67.6,6,1,3,1,10.0,5,3,1,1,25.0,2018-2019
PSV Eindhoven,1,6,6,540,6.0,13,2.17,50,37,74.0,0,2,4,0,0.0,0,0,0,0,,2018-2019
Real Madrid,2,8,8,720,8.0,10,1.25,37,27,73.0,5,0,3,3,37.5,0,0,0,0,,2018-2019
Red Star,1,6,6,540,6.0,17,2.83,56,38,71.4,1,1,4,2,33.3,2,1,1,0,50.0,2018-2019
Roma,2,8,8,750,8.3,12,1.44,44,32,75.0,4,0,4,2,25.0,1,1,0,0,0.0,2018-2019
Schalke 04,2,8,8,720,8.0,14,1.75,32,17,62.5,3,2,3,4,50.0,3,2,1,0,33.3,2018-2019
Shakhtar,1,6,6,540,6.0,16,2.67,36,20,61.1,1,3,2,0,0.0,2,2,0,0,0.0,2018-2019
Tottenham,3,13,13,"1,167",13.0,19,1.47,55,35,67.3,6,2,5,4,30.8,2,1,1,0,50.0,2018-2019
Valencia,2,6,6,540,6.0,6,1.00,29,23,89.7,2,2,2,1,16.7,3,3,0,0,0.0,2018-2019
Viktoria Plzeň,2,6,6,540,6.0,16,2.67,43,27,67.4,2,1,3,0,0.0,2,2,0,0,0.0,2018-2019
Young Boys,2,6,6,540,6.0,12,2.00,30,18,63.3,1,1,4,0,0.0,1,1,0,0,0.0,2018-2019
Anderlecht,2,6,6,540,6.0,17,2.83,41,23,61.0,1,0,5,1,16.7,1,1,0,0,0.0,2017-2018
APOEL FC,3,6,6,540,6.0,17,2.83,40,23,60.0,0,2,4,0,0.0,1,1,0,0,0.0,2017-2018
Atlético Madrid,1,6,6,540,6.0,4,0.67,17,14,76.5,1,4,1,3,50.0,0,0,0,0,,2017-2018
Barcelona,2,10,10,900,10.0,6,0.60,31,25,83.9,6,3,1,6,60.0,1,1,0,0,0.0,2017-2018
Basel,1,8,8,720,8.0,10,1.25,27,17,63.0,5,0,3,4,50.0,0,0,0,0,,2017-2018
Bayern Munich,2,12,12,"1,080",12.0,12,1.00,43,31,72.1,8,2,2,4,33.3,0,0,0,0,,2017-2018
Benfica,3,6,6,540,6.0,14,2.33,31,18,64.5,0,0,6,0,0.0,4,3,1,0,25.0,2017-2018
Beşiktaş,1,8,8,540,8.0,13,2.17,48,37,72.9,4,2,2,1,12.5,0,0,0,0,,2017-2018
Celtic,1,6,6,540,6.0,18,3.00,39,23,56.4,1,0,5,1,16.7,1,1,0,0,0.0,2017-2018
Chelsea,1,8,8,720,8.0,12,1.50,32,20,65.6,3,3,2,2,25.0,1,1,0,0,0.0,2017-2018
CSKA Moscow,1,6,6,540,6.0,10,1.67,37,27,75.7,3,0,3,1,16.7,1,1,0,0,0.0,2017-2018
Dortmund,1,6,6,540,6.0,13,2.17,36,23,63.9,0,2,4,0,0.0,0,0,0,0,,2017-2018
Feyenoord,2,6,6,540,6.0,14,2.33,28,14,50.0,1,0,5,0,0.0,0,0,0,0,,2017-2018
Juventus,2,10,10,900,10.0,12,1.20,37,26,70.3,5,3,2,3,30.0,1,1,0,0,0.0,2017-2018
Liverpool,1,13,13,"1,170",13.0,16,1.23,42,27,69.0,7,4,2,6,46.2,3,3,0,0,0.0,2017-2018
Manchester City,2,10,10,900,10.0,12,1.20,36,23,72.2,6,0,4,4,40.0,3,2,1,0,33.3,2017-2018
Manchester Utd,2,8,8,720,8.0,5,0.62,36,31,86.1,5,1,2,4,50.0,0,0,0,0,,2017-2018
Monaco,2,6,6,540,6.0,16,2.67,27,12,48.1,0,2,4,0,0.0,2,2,0,0,0.0,2017-2018
Napoli,1,6,6,540,6.0,11,1.83,29,17,62.1,2,0,4,1,16.7,1,0,1,0,100.0,2017-2018
NK Maribor,1,6,6,540,6.0,16,2.67,47,30,68.1,0,3,3,0,0.0,2,1,1,0,50.0,2017-2018
Olympiacos,2,6,6,540,6.0,13,2.17,39,27,66.7,0,1,5,1,16.7,0,0,0,0,,2017-2018
Paris S-G,1,8,8,720,8.0,9,1.13,37,28,78.4,5,0,3,4,50.0,1,1,0,0,0.0,2017-2018
Porto,2,8,8,720,8.0,15,1.87,35,20,60.0,3,2,3,2,25.0,1,1,0,0,0.0,2017-2018
Qarabağ FK,1,6,6,540,6.0,14,2.33,47,34,74.5,0,2,4,1,16.7,2,2,0,0,0.0,2017-2018
RB Leipzig,1,6,6,540,6.0,11,1.83,27,16,63.0,2,1,3,0,0.0,1,1,0,0,0.0,2017-2018
Real Madrid,2,13,13,"1,170",13.0,16,1.23,53,38,69.8,9,2,2,3,23.1,0,0,0,0,,2017-2018
Roma,1,12,12,"1,080",12.0,19,1.58,63,46,69.8,6,2,4,5,41.7,0,0,0,0,,2017-2018
Sevilla,2,10,10,900,10.0,15,1.50,41,27,63.4,3,5,2,3,30.0,1,0,0,1,,2017-2018
Shakhtar,1,8,8,720,8.0,11,1.37,44,32,79.5,5,0,3,0,0.0,3,2,1,0,33.3,2017-2018
Spartak Moscow,2,6,6,540,6.0,13,2.17,36,23,66.7,1,3,2,0,0.0,1,1,0,0,0.0,2017-2018
Sporting CP,1,6,6,540,6.0,9,1.50,28,21,67.9,2,1,3,0,0.0,0,0,0,0,,2017-2018
Tottenham,2,8,8,720,8.0,8,1.00,33,25,81.8,5,2,1,2,25.0,3,2,0,1,0.0,2017-2018
Arsenal,1,8,8,720,8.0,16,2.00,40,24,62.5,4,2,2,0,0.0,1,1,0,0,0.0,2016-2017
Atlético Madrid,2,12,12,"1,080",12.0,9,0.75,53,44,83.0,9,1,2,0,0.0,1,0,1,0,100.0,2016-2017
Barcelona,2,10,10,900,10.0,12,1.20,44,32,72.7,6,1,3,0,0.0,1,0,1,0,100.0,2016-2017
Basel,1,6,6,540,6.0,12,2.00,30,18,63.3,0,2,4,0,0.0,1,1,0,0,0.0,2016-2017
Bayern Munich,2,10,10,930,10.3,12,1.16,52,40,78.8,6,0,4,0,0.0,3,1,1,1,50.0,2016-2017
Benfica,1,8,8,630,8.0,10,1.43,34,24,76.5,3,2,3,0,0.0,4,2,2,0,50.0,2016-2017
Beşiktaş,1,6,6,90,6.0,1,1.00,6,5,116.7,1,4,1,0,0.0,3,2,1,0,33.3,2016-2017
Celtic,2,6,6,540,6.0,16,2.67,35,19,57.1,0,3,3,0,0.0,1,1,0,0,0.0,2016-2017
Club Brugge,1,6,6,540,6.0,14,2.33,45,31,75.6,0,0,6,0,0.0,5,3,1,1,25.0,2016-2017
CSKA Moscow,1,6,6,540,6.0,11,1.83,40,29,72.5,0,3,3,0,0.0,0,0,0,0,,2016-2017
Dinamo Zagreb,2,6,6,540,6.0,15,2.50,50,35,70.0,0,0,6,0,0.0,0,0,0,0,,2016-2017
Dortmund,2,10,10,900,10.0,16,1.60,42,26,61.9,5,2,3,0,0.0,1,0,0,1,,2016-2017
Dynamo Kyiv,2,6,6,540,6.0,6,1.00,24,18,83.3,1,2,3,0,0.0,2,2,0,0,0.0,2016-2017
FC Copenhagen,1,6,6,540,6.0,2,0.33,16,14,87.5,2,3,1,0,0.0,0,0,0,0,,2016-2017
Juventus,2,13,13,"1,170",13.0,7,0.54,29,22,75.9,9,3,1,0,0.0,1,0,1,0,100.0,2016-2017
Legia Warsaw,2,6,6,540,6.0,24,4.00,55,31,56.4,1,1,4,0,0.0,0,0,0,0,,2016-2017
Leicester City,3,10,10,900,10.0,10,1.00,42,32,81.0,5,2,3,0,0.0,4,2,2,0,50.0,2016-2017
Leverkusen,2,8,8,720,8.0,8,1.00,27,19,77.8,2,4,2,0,0.0,2,2,0,0,0.0,2016-2017
Ludogorets,2,6,6,540,6.0,15,2.50,40,25,62.5,0,3,3,0,0.0,0,0,0,0,,2016-2017
Lyon,1,6,6,540,6.0,3,0.50,20,17,90.0,2,2,2,0,0.0,2,1,0,1,0.0,2016-2017
M'Gladbach,1,6,6,540,6.0,12,2.00,38,26,73.7,1,2,3,0,0.0,2,2,0,0,0.0,2016-2017
Manchester City,2,8,8,716,8.0,16,2.01,35,19,54.3,3,4,1,0,0.0,2,0,2,0,100.0,2016-2017
Monaco,2,12,12,"1,080",12.0,20,1.67,56,36,66.1,5,3,4,0,0.0,2,1,0,1,0.0,2016-2017
Napoli,1,8,8,720,8.0,14,1.75,24,10,45.8,3,2,3,0,0.0,1,1,0,0,0.0,2016-2017
Paris S-G,2,8,8,720,8.0,9,1.13,21,12,71.4,4,3,1,0,0.0,4,3,1,0,25.0,2016-2017
Porto,1,8,8,720,8.0,6,0.75,21,15,76.2,3,2,3,0,0.0,1,1,0,0,0.0,2016-2017
PSV Eindhoven,2,6,6,540,6.0,16,2.67,39,23,61.5,0,2,4,0,0.0,1,1,0,0,0.0,2016-2017
Real Madrid,2,13,13,"1,200",13.3,18,1.35,54,36,74.1,9,3,1,0,0.0,5,4,0,1,0.0,2016-2017
Rostov,1,6,6,540,6.0,12,2.00,40,28,72.5,1,2,3,0,0.0,2,1,1,0,50.0,2016-2017
Sevilla,1,8,8,720,8.0,6,0.75,26,20,80.8,4,2,2,0,0.0,1,1,0,0,0.0,2016-2017
Sporting CP,1,6,6,540,6.0,8,1.33,19,11,57.9,1,0,5,0,0.0,0,0,0,0,,2016-2017
Tottenham,1,6,6,540,6.0,6,1.00,26,20,76.9,2,1,3,0,0.0,1,0,1,0,100.0,2016-2017
Arsenal,2,8,8,720,8.0,15,1.87,49,34,69.4,3,0,5,3,37.5,,,,,,2015-2016
Atlético Madrid,1,13,13,"1,230",13.7,8,0.59,61,53,86.9,6,4,3,8,61.5,,,,,,2015-2016
Barcelona,1,10,10,900,10.0,8,0.80,46,38,82.6,7,2,1,3,30.0,,,,,,2015-2016
BATE Borisov,1,12,12,540,6.0,12,2.00,45,33,73.3,4,4,4,1,8.3,,,,,,2015-2016
Bayern Munich,2,12,12,"1,110",12.3,11,0.89,66,55,83.3,8,2,2,5,41.7,,,,,,2015-2016
Benfica,2,10,10,900,10.0,12,1.20,50,38,76.0,5,2,3,2,20.0,,,,,,2015-2016
Chelsea,2,8,8,720,8.0,7,0.87,33,26,78.8,4,1,3,4,50.0,,,,,,2015-2016
CSKA Moscow,1,10,10,540,6.0,9,1.50,39,30,76.9,3,2,5,0,0.0,,,,,,2015-2016
Dinamo Zagreb,1,12,12,540,6.0,14,2.33,44,30,68.2,4,3,5,0,0.0,,,,,,2015-2016
Dynamo Kyiv,2,8,8,720,8.0,7,0.87,33,26,78.8,3,3,2,5,62.5,,,,,,2015-2016
FC Astana,1,12,12,540,6.0,11,1.83,47,36,76.6,3,6,3,1,8.3,,,,,,2015-2016
Galatasaray,1,6,6,540,6.0,10,1.67,48,38,79.2,1,2,3,0,0.0,,,,,,2015-2016
Gent,1,8,8,720,8.0,11,1.37,36,25,69.4,3,1,4,1,12.5,,,,,,2015-2016
Juventus,1,8,8,750,8.3,9,1.08,36,27,75.0,3,3,2,3,37.5,,,,,,2015-2016
Leverkusen,1,8,8,540,6.0,12,2.00,40,28,70.0,2,3,3,0,0.0,,,,,,2015-2016
Lyon,1,6,6,540,6.0,9,1.50,37,28,75.7,1,1,4,1,16.7,,,,,,2015-2016
M'Gladbach,1,6,6,540,6.0,12,2.00,32,20,62.5,1,2,3,1,16.7,,,,,,2015-2016
Maccabi Tel Aviv,1,12,12,540,6.0,16,2.67,53,37,69.8,2,2,8,0,0.0,,,,,,2015-2016
Malmö,1,12,12,540,6.0,21,3.50,54,33,61.1,4,1,7,1,8.3,,,,,,2015-2016
Manchester City,2,12,12,"1,080",12.0,12,1.00,60,48,80.0,6,3,3,3,25.0,,,,,,2015-2016
Manchester Utd,1,8,8,540,6.0,7,1.17,28,21,75.0,4,2,2,2,25.0,,,,,,2015-2016
Olympiacos,1,6,6,540,6.0,13,2.17,46,33,71.7,3,0,3,1,16.7,,,,,,2015-2016
Paris S-G,1,10,10,900,10.0,6,0.60,40,34,85.0,6,2,2,5,50.0,,,,,,2015-2016
Porto,1,6,6,540,6.0,8,1.33,34,26,76.5,3,1,2,1,16.7,,,,,,2015-2016
PSV Eindhoven,1,8,8,750,8.3,7,0.84,40,33,82.5,3,3,2,4,50.0,,,,,,2015-2016
Real Madrid,2,13,13,"1,200",13.3,6,0.45,50,44,88.0,9,3,1,10,76.9,,,,,,2015-2016
Roma,2,8,8,720,8.0,22,2.75,58,36,62.1,1,3,4,1,12.5,,,,,,2015-2016
Sevilla,1,6,6,540,6.0,11,1.83,46,35,76.1,2,0,4,2,33.3,,,,,,2015-2016
Shakhtar,2,10,10,540,6.0,14,2.33,38,24,63.2,3,2,5,1,10.0,,,,,,2015-2016
Valencia,1,8,8,540,6.0,9,1.50,33,24,72.7,3,0,5,1,12.5,,,,,,2015-2016
Wolfsburg,2,10,10,900,10.0,11,1.10,53,42,79.2,7,0,3,5,50.0,,,,,,2015-2016
Zenit,2,8,8,720,8.0,9,1.13,40,31,77.5,5,0,3,2,25.0,,,,,,2015-2016
Ajax,1,6,6,540,6.0,10,1.67,25,15,60.0,1,2,3,1,16.7,,,,,,2014-2015
Anderlecht,2,6,6,540,6.0,10,1.67,34,24,70.6,1,3,2,1,16.7,,,,,,2014-2015
APOEL FC,1,10,10,540,6.0,12,2.00,38,26,68.4,2,3,5,0,0.0,,,,,,2014-2015
Arsenal,3,10,10,718,8.0,11,1.38,41,30,73.2,6,2,2,2,20.0,,,,,,2014-2015
Athletic Club,1,8,8,540,6.0,6,1.00,21,15,71.4,3,2,3,3,37.5,,,,,,2014-2015
Atlético Madrid,2,10,10,930,10.3,5,0.48,40,35,87.5,5,2,3,7,70.0,,,,,,2014-2015
Barcelona,1,13,13,"1,170",13.0,11,0.85,41,30,73.2,11,0,2,6,46.2,,,,,,2014-2015
Basel,1,8,8,720,8.0,13,1.62,49,36,73.5,2,2,4,2,25.0,,,,,,2014-2015
BATE Borisov,2,12,12,540,6.0,24,4.00,48,24,50.0,3,3,6,0,0.0,,,,,,2014-2015
Bayern Munich,1,12,12,"1,080",12.0,13,1.08,36,23,63.9,8,1,3,6,50.0,,,,,,2014-2015
Benfica,3,6,6,540,6.0,6,1.00,30,24,80.0,1,2,3,3,50.0,,,,,,2014-2015
Chelsea,2,8,8,750,8.3,5,0.60,36,31,86.1,4,4,0,3,37.5,,,,,,2014-2015
CSKA Moscow,1,6,6,540,6.0,13,2.17,36,23,63.9,1,2,3,0,0.0,,,,,,2014-2015
Dortmund,2,8,8,720,8.0,9,1.13,20,11,55.0,4,1,3,3,37.5,,,,,,2014-2015
Galatasaray,2,6,6,540,6.0,19,3.17,39,20,51.3,0,1,5,0,0.0,,,,,,2014-2015
Juventus,1,13,13,"1,170",13.0,10,0.77,49,39,79.6,7,3,3,6,46.2,,,,,,2014-2015
Leverkusen,1,10,10,750,8.3,5,0.60,18,13,72.2,6,1,3,3,30.0,,,,,,2014-2015
Liverpool,1,6,6,540,6.0,9,1.50,32,23,71.9,1,2,3,0,0.0,,,,,,2014-2015
Ludogorets,2,12,12,540,6.0,14,2.33,43,29,67.4,3,4,5,1,8.3,,,,,,2014-2015
Malmö,1,12,12,540,6.0,15,2.50,49,34,69.4,4,1,7,1,8.3,,,,,,2014-2015
Manchester City,1,8,8,720,8.0,11,1.37,45,34,75.6,2,2,4,1,12.5,,,,,,2014-2015
Monaco,1,10,10,900,10.0,5,0.50,36,31,86.1,4,3,3,6,60.0,,,,,,2014-2015
NK Maribor,1,12,12,540,6.0,13,2.17,48,35,72.9,3,6,3,0,0.0,,,,,,2014-2015
Olympiacos,1,6,6,540,6.0,13,2.17,34,21,61.8,3,0,3,1,16.7,,,,,,2014-2015
Paris S-G,1,10,10,930,10.3,14,1.35,32,18,56.3,4,3,3,2,20.0,,,,,,2014-2015
Porto,2,12,12,900,10.0,12,1.20,29,17,58.6,8,3,1,4,33.3,,,,,,2014-2015
Real Madrid,2,12,12,"1,080",12.0,9,0.75,46,37,80.4,8,2,2,7,58.3,,,,,,2014-2015
Roma,2,6,6,540,6.0,14,2.33,33,19,57.6,1,2,3,0,0.0,,,,,,2014-2015
Schalke 04,2,8,8,720,8.0,19,2.37,44,25,56.8,3,2,3,1,12.5,,,,,,2014-2015
Shakhtar,1,8,8,720,8.0,11,1.37,41,30,73.2,2,4,2,4,50.0,,,,,,2014-2015
Sporting CP,1,6,6,540,6.0,12,2.00,27,15,55.6,2,1,3,0,0.0,,,,,,2014-2015
Zenit,1,10,10,540,6.0,6,1.00,22,16,72.7,5,1,4,3,30.0,,,,,,2014-2015
Ajax,2,6,6,540,,8,1.33,20,12,60.0,2,2,2,2,33.3,,,,,,2013-2014
Anderlecht,2,6,6,540,,16,2.67,36,20,55.6,0,1,5,0,0.0,,,,,,2013-2014
Arsenal,2,10,10,718,,8,1.00,34,26,76.5,5,2,3,3,30.0,,,,,,2013-2014
Atlético Madrid,2,13,13,"1,200",,10,0.75,50,40,80.0,7,5,1,6,46.2,,,,,,2013-2014
Austria Wien,1,10,10,540,,10,1.67,40,30,75.0,3,4,3,1,10.0,,,,,,2013-2014
Barcelona,2,10,10,900,,8,0.80,32,24,75.0,5,3,2,3,30.0,,,,,,2013-2014
Basel,1,10,10,540,,6,1.00,31,25,80.6,4,4,2,1,10.0,,,,,,2013-2014
Bayern Munich,1,12,12,"1,080",,13,1.08,44,31,70.5,6,4,2,4,33.3,,,,,,2013-2014
Benfica,1,6,6,540,,8,1.33,25,17,68.0,3,1,2,1,16.7,,,,,,2013-2014
Celtic,1,12,12,540,,14,2.33,37,23,62.2,3,3,6,0,0.0,,,,,,2013-2014
Chelsea,2,12,12,"1,080",,10,0.83,41,31,75.6,4,5,3,7,58.3,,,,,,2013-2014
CSKA Moscow,1,6,6,540,,17,2.83,39,22,56.4,1,0,5,0,0.0,,,,,,2013-2014
Dortmund,2,10,10,900,,13,1.30,50,37,74.0,5,2,3,2,20.0,,,,,,2013-2014
FC Copenhagen,1,6,6,540,,13,2.17,48,35,72.9,1,1,4,1,16.7,,,,,,2013-2014
Galatasaray,2,8,8,720,,17,2.12,45,28,62.2,2,2,4,1,12.5,,,,,,2013-2014
Juventus,1,6,6,540,,9,1.50,29,20,69.0,1,3,2,0,0.0,,,,,,2013-2014
Leverkusen,1,8,8,720,,16,2.00,53,37,69.8,3,1,4,3,37.5,,,,,,2013-2014
Manchester City,2,8,8,720,,14,1.75,43,29,67.4,5,0,3,1,12.5,,,,,,2013-2014
Manchester Utd,1,10,10,900,,9,0.90,31,22,71.0,4,4,2,5,50.0,,,,,,2013-2014
Marseille,1,6,6,540,,14,2.33,34,20,58.8,0,0,6,0,0.0,,,,,,2013-2014
Milan,2,10,10,720,,10,1.25,39,29,74.4,2,5,3,3,30.0,,,,,,2013-2014
Napoli,2,6,6,540,,9,1.50,31,22,71.0,4,0,2,1,16.7,,,,,,2013-2014
Olympiacos,1,8,8,720,,11,1.37,41,30,73.2,4,1,3,3,37.5,,,,,,2013-2014
Paris S-G,1,10,10,900,,9,0.90,43,34,79.1,6,2,2,3,30.0,,,,,,2013-2014
Porto,1,6,6,540,,7,1.17,23,16,69.6,1,2,3,1,16.7,,,,,,2013-2014
Real Madrid,2,13,13,"1,200",,11,0.82,57,46,80.7,10,2,1,5,38.5,,,,,,2013-2014
Real Sociedad,2,8,8,540,,10,1.67,32,22,68.8,1,2,5,1,12.5,,,,,,2013-2014
Schalke 04,2,10,10,720,,15,1.87,41,26,63.4,4,2,4,4,40.0,,,,,,2013-2014
Shakhtar,1,6,6,540,,6,1.00,25,19,76.0,2,2,2,3,50.0,,,,,,2013-2014
Steaua,1,12,12,540,,10,1.67,29,19,65.5,3,6,3,1,8.3,,,,,,2013-2014
Viktoria Plzeň,1,12,12,540,,17,2.83,44,27,61.4,6,1,5,0,0.0,,,,,,2013-2014
Zenit,2,12,12,720,,14,1.75,50,36,72.0,4,5,3,0,0.0,,,,,,2013-2014
Ajax,1,6,6,540,,16,2.67,35,19,54.3,1,1,4,0,0.0,,,,,,2012-2013
Anderlecht,1,10,10,540,,9,1.50,22,13,59.1,3,3,4,2,20.0,,,,,,2012-2013
Arsenal,3,8,8,720,,11,1.37,41,30,73.2,4,1,3,2,25.0,,,,,,2012-2013
Barcelona,2,12,12,"1,080",,18,1.50,42,24,57.1,4,5,3,4,33.3,,,,,,2012-2013
BATE Borisov,1,12,12,540,,15,2.50,34,19,55.9,5,3,4,0,0.0,,,,,,2012-2013
Bayern Munich,1,13,13,"1,170",,11,0.85,33,22,66.7,10,2,1,5,38.5,,,,,,2012-2013
Benfica,1,6,6,540,,5,0.83,22,17,77.3,2,2,2,3,50.0,,,,,,2012-2013
Braga,2,8,8,540,,13,2.17,34,21,61.8,1,2,5,1,12.5,,,,,,2012-2013
Celtic,1,12,12,720,,13,1.62,34,21,61.8,6,2,4,1,8.3,,,,,,2012-2013
CFR Cluj,1,10,10,540,,7,1.17,22,15,68.2,6,2,2,2,20.0,,,,,,2012-2013
Chelsea,1,6,6,540,,10,1.67,24,14,58.3,3,1,2,1,16.7,,,,,,2012-2013
Dinamo Zagreb,1,12,12,540,,14,2.33,34,20,58.8,3,4,5,0,0.0,,,,,,2012-2013
Dortmund,1,13,13,"1,170",,14,1.08,47,33,70.2,5,6,2,4,30.8,,,,,,2012-2013
Dynamo Kyiv,2,10,10,540,,10,1.67,30,20,66.7,4,3,3,2,20.0,,,,,,2012-2013
Galatasaray,1,10,10,900,,14,1.40,34,20,58.8,4,3,3,1,10.0,,,,,,2012-2013
Juventus,1,10,10,900,,8,0.80,31,23,74.2,4,5,1,5,50.0,,,,,,2012-2013
Lille,2,8,8,540,,13,2.17,32,19,59.4,1,1,6,1,12.5,,,,,,2012-2013
Málaga,2,12,12,900,,9,0.90,31,22,71.0,4,6,2,5,41.7,,,,,,2012-2013
Manchester City,1,6,6,540,,11,1.83,24,13,54.2,0,3,3,0,0.0,,,,,,2012-2013
Manchester Utd,2,8,8,720,,9,1.13,26,17,65.4,4,2,2,1,12.5,,,,,,2012-2013
Milan,2,8,8,720,,9,1.13,35,26,74.3,3,2,3,2,25.0,,,,,,2012-2013
Montpellier,3,6,6,540,,12,2.00,31,19,61.3,0,2,4,0,0.0,,,,,,2012-2013
Nordsjælland,1,6,6,540,,22,3.67,40,18,45.0,0,1,5,0,0.0,,,,,,2012-2013
Olympiacos,2,6,6,540,,9,1.50,27,18,66.7,3,0,3,0,0.0,,,,,,2012-2013
Paris S-G,1,10,10,900,,8,0.80,28,20,71.4,6,3,1,3,30.0,,,,,,2012-2013
Porto,1,8,8,720,,6,0.75,27,21,77.8,5,1,2,5,62.5,,,,,,2012-2013
Real Madrid,3,12,12,"1,080",,18,1.50,53,35,66.0,5,4,3,2,16.7,,,,,,2012-2013
Schalke 04,2,8,8,720,,10,1.25,34,24,70.6,3,5,0,2,25.0,,,,,,2012-2013
Shakhtar,1,8,8,720,,13,1.62,34,21,61.8,3,2,3,1,12.5,,,,,,2012-2013
Spartak Moscow,3,8,8,540,,14,2.33,41,27,65.9,2,1,5,0,0.0,,,,,,2012-2013
Valencia,2,8,8,720,,8,1.00,30,22,73.3,4,2,2,3,37.5,,,,,,2012-2013
Zenit,1,6,6,540,,9,1.50,22,13,59.1,2,1,3,2,33.3,,,,,,2012-2013
Ajax,1,6,6,540,,6,1.00,26,20,76.9,2,2,2,4,66.7,,,,,,2011-2012
APOEL FC,2,16,16,930,,15,1.45,70,55,78.6,4,7,5,2,12.5,,,,,,2011-2012
Arsenal,3,10,10,720,,10,1.25,36,26,72.2,5,3,2,3,30.0,,,,,,2011-2012
Barcelona,2,12,12,"1,080",,10,0.83,24,14,58.3,6,5,1,5,41.7,,,,,,2011-2012
Basel,1,8,8,720,,17,2.12,56,39,69.6,4,2,2,1,12.5,,,,,,2011-2012
BATE Borisov,1,12,12,540,,14,2.33,47,33,70.2,1,7,4,0,0.0,,,,,,2011-2012
Bayern Munich,2,15,15,"1,230",,11,0.80,40,29,72.5,8,4,3,5,33.3,,,,,,2011-2012
Benfica,1,14,14,900,,10,1.00,39,29,74.4,4,7,3,4,28.6,,,,,,2011-2012
Chelsea,1,13,13,"1,230",,12,0.88,70,58,82.9,5,6,2,5,38.5,,,,,,2011-2012
CSKA Moscow,2,8,8,720,,13,1.62,50,37,74.0,2,3,3,2,25.0,,,,,,2011-2012
Dinamo Zagreb,1,12,12,540,,22,3.67,54,32,59.3,3,2,7,0,0.0,,,,,,2011-2012
Dortmund,1,6,6,540,,12,2.00,51,39,76.5,1,1,4,1,16.7,,,,,,2011-2012
Genk,1,10,10,540,,16,2.67,52,36,69.2,1,5,4,1,10.0,,,,,,2011-2012
Inter,2,8,8,720,,9,1.13,34,25,73.5,3,2,3,1,12.5,,,,,,2011-2012
Leverkusen,1,8,8,720,,18,2.25,59,41,69.5,3,1,4,1,12.5,,,,,,2011-2012
Lille,2,6,6,540,,6,1.00,17,11,64.7,1,3,2,2,33.3,,,,,,2011-2012
Lyon,1,10,10,750,,8,0.96,40,32,80.0,4,3,3,4,40.0,,,,,,2011-2012
Manchester City,1,6,6,540,,6,1.00,26,20,76.9,3,1,2,2,33.3,,,,,,2011-2012
Manchester Utd,2,6,6,540,,8,1.33,26,18,69.2,2,3,1,2,33.3,,,,,,2011-2012
Marseille,3,10,10,900,,10,1.00,50,40,80.0,4,1,5,4,40.0,,,,,,2011-2012
Milan,2,10,10,900,,14,1.40,57,43,75.4,3,4,3,4,40.0,,,,,,2011-2012
Napoli,1,8,8,750,,11,1.32,47,36,76.6,4,2,2,2,25.0,,,,,,2011-2012
Olympiacos,2,6,6,540,,6,1.00,21,15,71.4,3,0,3,1,16.7,,,,,,2011-2012
Oțelul Galați,1,6,6,540,,11,1.83,30,19,63.3,0,0,6,0,0.0,,,,,,2011-2012
Porto,1,6,6,540,,7,1.17,22,15,68.2,2,2,2,2,33.3,,,,,,2011-2012
Real Madrid,2,12,12,"1,110",,9,0.73,46,37,80.4,7,4,1,6,50.0,,,,,,2011-2012
Shakhtar,1,6,6,540,,8,1.33,35,27,77.1,1,2,3,1,16.7,,,,,,2011-2012
Trabzonspor,1,8,8,540,,5,0.83,29,24,82.8,1,5,2,3,37.5,,,,,,2011-2012
Valencia,1,6,6,540,,7,1.17,32,25,78.1,2,2,2,2,33.3,,,,,,2011-2012
Viktoria Plzeň,2,12,12,540,,11,1.83,37,26,70.3,4,5,3,0,0.0,,,,,,2011-2012
Villarreal,1,8,8,540,,14,2.33,32,18,56.3,0,1,7,0,0.0,,,,,,2011-2012
Zenit,2,8,8,720,,9,1.13,38,29,76.3,3,3,2,3,37.5,,,,,,2011-2012
Ajax,1,10,10,540,,10,1.67,45,35,77.8,2,5,3,1,10.0,,,,,,2010-2011
Arsenal,3,8,8,720,,11,1.37,43,32,74.4,5,0,3,1,12.5,,,,,,2010-2011
Auxerre,1,8,8,540,,12,2.00,29,17,58.6,1,1,6,8,100.0,,,,,,2010-2011
Barcelona,2,13,13,"1,170",,9,0.69,37,28,75.7,8,4,1,5,38.5,,,,,,2010-2011
Basel,1,10,10,540,,11,1.83,28,17,60.7,5,1,4,1,10.0,,,,,,2010-2011
Bayern Munich,2,8,8,720,,9,1.13,46,37,80.4,6,1,1,4,50.0,,,,,,2010-2011
Benfica,1,6,6,540,,12,2.00,24,12,50.0,2,0,4,1,16.7,,,,,,2010-2011
Braga,2,10,10,540,,11,1.83,30,19,63.3,6,0,4,3,30.0,,,,,,2010-2011
Bursaspor,2,6,6,540,,16,2.67,36,20,55.6,0,1,5,0,0.0,,,,,,2010-2011
CFR Cluj,2,6,6,540,,12,2.00,46,34,73.9,1,1,4,0,0.0,,,,,,2010-2011
Chelsea,2,10,10,900,,7,0.70,40,33,82.5,6,1,3,4,40.0,,,,,,2010-2011
FC Copenhagen,1,12,12,720,,7,0.87,40,33,82.5,3,5,4,3,25.0,,,,,,2010-2011
Hapoel Tel Aviv,1,12,12,540,,10,1.67,49,39,79.6,4,4,4,2,16.7,,,,,,2010-2011
Inter,3,10,10,900,,21,2.10,54,33,61.1,4,1,5,2,20.0,,,,,,2010-2011
Lyon,1,8,8,720,,14,1.75,44,30,68.2,3,2,3,2,25.0,,,,,,2010-2011
Manchester Utd,3,13,13,"1,170",,7,0.54,55,48,87.3,6,6,1,8,61.5,,,,,,2010-2011
Marseille,1,8,8,720,,5,0.62,24,19,79.2,4,1,3,5,62.5,,,,,,2010-2011
Milan,2,8,8,720,,8,1.00,47,39,83.0,2,3,3,3,37.5,,,,,,2010-2011
MŠK Žilina,1,12,12,540,,19,3.17,48,29,60.4,1,4,7,0,0.0,,,,,,2010-2011
Panathinaikos,1,6,6,540,,13,2.17,40,27,67.5,0,2,4,2,33.3,,,,,,2010-2011
Partizan,1,12,12,540,,13,2.17,39,26,66.7,4,2,6,0,0.0,,,,,,2010-2011
Rangers,1,6,6,540,,6,1.00,36,30,83.3,1,3,2,2,33.3,,,,,,2010-2011
Real Madrid,3,12,12,"1,080",,6,0.50,35,29,82.9,7,4,1,8,66.7,,,,,,2010-2011
Roma,3,8,8,720,,17,2.12,44,27,61.4,3,1,4,0,0.0,,,,,,2010-2011
Rubin Kazan,1,6,6,540,,4,0.67,18,14,77.8,1,3,2,3,50.0,,,,,,2010-2011
Schalke 04,1,12,12,"1,080",,14,1.17,64,50,78.1,5,4,3,3,25.0,,,,,,2010-2011
Shakhtar,1,10,10,900,,14,1.40,55,41,74.5,6,2,2,5,50.0,,,,,,2010-2011
Spartak Moscow,1,6,6,540,,10,1.67,26,16,61.5,3,0,3,2,33.3,,,,,,2010-2011
Tottenham,2,12,12,900,,16,1.60,59,43,72.9,4,5,3,3,25.0,,,,,,2010-2011
Twente,2,6,6,540,,11,1.83,39,28,71.8,1,3,2,1,16.7,,,,,,2010-2011
Valencia,3,8,8,720,,8,1.00,40,32,80.0,3,3,2,2,25.0,,,,,,2010-2011
Werder Bremen,2,8,8,540,,12,2.00,33,21,63.6,2,2,4,1,12.5,,,,,,2010-2011
APOEL FC,1,12,12,540,,7,1.17,43,36,83.7,2,5,5,1,8.3,,,,,,2009-2010
Arsenal,3,12,12,900,,13,1.30,47,34,72.3,5,4,3,3,25.0,,,,,,2009-2010
Atlético Madrid,3,8,8,540,,12,2.00,25,13,52.0,1,4,3,1,12.5,,,,,,2009-2010
AZ Alkmaar,1,6,6,540,,8,1.33,31,23,74.2,0,4,2,1,16.7,,,,,,2009-2010
Barcelona,1,12,12,"1,080",,10,0.83,32,22,68.8,3,7,2,6,50.0,,,,,,2009-2010
Bayern Munich,1,13,13,"1,170",,15,1.15,54,39,72.2,7,1,5,5,38.5,,,,,,2009-2010
Beşiktaş,2,6,6,540,,8,1.33,26,18,69.2,1,1,4,2,33.3,,,,,,2009-2010
Bordeaux,2,10,10,900,,6,0.60,40,34,85.0,6,3,1,6,60.0,,,,,,2009-2010
Chelsea,2,8,8,540,,4,0.67,27,23,85.2,4,3,1,4,50.0,,,,,,2009-2010
CSKA Moscow,1,10,10,900,,14,1.40,49,35,71.4,4,3,3,0,0.0,,,,,,2009-2010
Debrecen,2,12,12,540,,19,3.17,44,25,56.8,3,2,7,0,0.0,,,,,,2009-2010
Dynamo Kyiv,2,6,6,540,,9,1.50,24,15,62.5,1,2,3,1,16.7,,,,,,2009-2010
Fiorentina,2,10,10,720,,11,1.37,47,36,76.6,5,3,2,2,20.0,,,,,,2009-2010
Inter,1,13,13,"1,170",,9,0.69,49,40,81.6,8,3,2,6,46.2,,,,,,2009-2010
Juventus,1,6,6,540,,7,1.17,29,22,75.9,2,2,2,3,50.0,,,,,,2009-2010
Liverpool,2,6,6,540,,7,1.17,26,19,73.1,2,1,3,2,33.3,,,,,,2009-2010
Lyon,1,14,14,"1,080",,10,0.83,52,42,80.8,8,3,3,4,28.6,,,,,,2009-2010
Maccabi Haifa,1,12,12,540,,8,1.33,34,26,76.5,3,3,6,0,0.0,,,,,,2009-2010
Manchester Utd,3,10,10,900,,12,1.20,47,35,74.5,5,3,2,3,30.0,,,,,,2009-2010
Marseille,1,6,6,540,,10,1.67,25,15,60.0,2,1,3,1,16.7,,,,,,2009-2010
Milan,3,8,8,720,,14,1.75,34,20,58.8,2,3,3,0,0.0,,,,,,2009-2010
Olympiacos,1,12,12,720,,8,1.00,33,25,75.8,5,3,4,3,25.0,,,,,,2009-2010
Porto,2,8,8,720,,9,1.13,44,35,79.5,5,0,3,3,37.5,,,,,,2009-2010
Rangers,1,6,6,540,,13,2.17,41,28,68.3,0,2,4,0,0.0,,,,,,2009-2010
Real Madrid,1,8,8,720,,9,1.13,27,18,66.7,4,2,2,2,25.0,,,,,,2009-2010
Rubin Kazan,1,6,6,540,,7,1.17,38,31,81.6,1,3,2,2,33.3,,,,,,2009-2010
Sevilla,2,8,8,720,,7,0.87,22,15,68.2,4,3,1,2,25.0,,,,,,2009-2010
Standard Liège,1,6,6,540,,9,1.50,44,35,79.5,1,2,3,1,16.7,,,,,,2009-2010
Stuttgart,1,10,10,720,,12,1.50,46,34,73.9,3,5,2,0,0.0,,,,,,2009-2010
Unirea Urziceni,2,6,6,540,,8,1.33,35,27,77.1,2,2,2,1,16.7,,,,,,2009-2010
Wolfsburg,1,6,6,540,,8,1.33,28,20,71.4,2,1,3,2,33.3,,,,,,2009-2010
Zürich,1,10,10,540,,14,2.33,38,24,63.2,3,2,5,1,10.0,,,,,,2009-2010
Aalborg,1,10,10,540,,14,2.33,38,24,63.2,5,3,2,1,10.0,,,,,,2008-2009
Anorthosis,2,12,12,540,,8,1.33,43,35,81.4,5,3,4,1,8.3,,,,,,2008-2009
Arsenal,2,14,14,"1,110",,11,0.89,59,48,81.4,7,3,4,5,35.7,,,,,,2008-2009
Atlético Madrid,2,10,10,720,,6,0.75,42,36,85.7,4,5,1,3,30.0,,,,,,2008-2009
Barcelona,2,15,15,"1,170",,13,1.00,37,24,64.9,8,6,2,4,26.7,,,,,,2008-2009
Basel,1,10,10,540,,16,2.67,47,31,66.0,2,3,5,0,0.0,,,,,,2008-2009
BATE Borisov,1,12,12,540,,8,1.33,35,27,77.1,4,5,3,1,8.3,,,,,,2008-2009
Bayern Munich,2,10,10,900,,10,1.00,56,46,82.1,6,3,1,4,40.0,,,,,,2008-2009
Bordeaux,2,6,6,540,,11,1.83,26,15,57.7,2,1,3,1,16.7,,,,,,2008-2009
Celtic,1,6,6,540,,7,1.17,34,27,79.4,1,2,3,2,33.3,,,,,,2008-2009
CFR Cluj,2,6,6,540,,9,1.50,34,25,73.5,1,1,4,1,16.7,,,,,,2008-2009
Chelsea,1,12,12,"1,080",,13,1.08,51,38,74.5,5,6,1,5,41.7,,,,,,2008-2009
Dynamo Kyiv,1,10,10,540,,4,0.67,33,29,87.9,5,3,2,3,30.0,,,,,,2008-2009
Fenerbahçe,1,10,10,540,,11,1.83,26,15,57.7,3,3,4,2,20.0,,,,,,2008-2009
Fiorentina,1,8,8,540,,8,1.33,34,26,76.5,2,4,2,2,25.0,,,,,,2008-2009
Inter,2,8,8,720,,9,1.13,51,42,82.4,2,3,3,3,37.5,,,,,,2008-2009
Juventus,2,10,10,720,,6,0.75,35,29,82.9,4,5,1,4,40.0,,,,,,2008-2009
Liverpool,2,12,12,900,,12,1.20,46,34,73.9,7,4,1,3,25.0,,,,,,2008-2009
Lyon,1,8,8,720,,16,2.00,42,26,61.9,3,3,2,1,12.5,,,,,,2008-2009
Manchester Utd,3,13,13,"1,170",,8,0.62,48,40,83.3,6,7,1,8,61.5,,,,,,2008-2009
Marseille,1,8,8,540,,7,1.17,22,15,68.2,3,1,4,2,25.0,,,,,,2008-2009
Panathinaikos,2,12,12,720,,10,1.25,42,32,76.2,6,3,3,3,25.0,,,,,,2008-2009
Porto,2,10,10,900,,13,1.30,47,34,72.3,4,3,3,2,20.0,,,,,,2008-2009
PSV Eindhoven,1,6,6,540,,14,2.33,38,24,63.2,1,0,5,1,16.7,,,,,,2008-2009
Real Madrid,2,8,8,720,,10,1.25,36,26,72.2,4,0,4,3,37.5,,,,,,2008-2009
Roma,1,8,8,750,,7,0.84,46,39,84.8,5,0,3,2,25.0,,,,,,2008-2009
Shakhtar,1,8,8,540,,7,1.17,28,21,75.0,5,0,3,1,12.5,,,,,,2008-2009
Sporting CP,2,8,8,720,,20,2.50,50,30,60.0,4,0,4,4,50.0,,,,,,2008-2009
Steaua,1,8,8,540,,12,2.00,46,34,73.9,1,2,5,1,12.5,,,,,,2008-2009
Villarreal,2,10,10,900,,13,1.30,54,41,75.9,3,5,2,3,30.0,,,,,,2008-2009
Werder Bremen,2,6,6,540,,9,1.50,31,22,71.0,1,4,1,1,16.7,,,,,,2008-2009
Zenit,1,6,6,540,,7,1.17,32,25,78.1,1,2,3,2,33.3,,,,,,2008-2009
Arsenal,2,12,12,900,,9,0.90,37,28,75.7,7,3,2,2,16.7,,,,,,2007-2008
Barcelona,2,12,12,"1,080",,6,0.50,43,37,86.0,8,3,1,8,66.7,,,,,,2007-2008
Benfica,1,8,8,540,,6,1.00,31,25,80.6,4,1,3,1,12.5,,,,,,2007-2008
Beşiktaş,2,10,10,540,,15,2.50,42,27,64.3,5,1,4,0,0.0,,,,,,2007-2008
Celtic,1,10,10,720,,10,1.25,44,34,77.3,3,2,5,1,10.0,,,,,,2007-2008
Chelsea,3,13,13,"1,230",,7,0.51,58,51,87.9,6,7,1,7,53.8,,,,,,2007-2008
CSKA Moscow,2,6,6,540,,10,1.67,33,23,69.7,0,1,5,0,0.0,,,,,,2007-2008
Dynamo Kyiv,3,8,8,540,,19,3.17,51,32,62.7,2,0,6,0,0.0,,,,,,2007-2008
Fenerbahçe,1,12,12,930,,14,1.35,40,26,65.0,7,2,3,3,25.0,,,,,,2007-2008
Inter,1,8,8,720,,7,0.87,29,22,75.9,5,0,3,3,37.5,,,,,,2007-2008
Lazio,1,8,8,540,,11,1.83,33,22,66.7,2,3,3,0,0.0,,,,,,2007-2008
Liverpool,1,14,14,"1,110",,12,0.97,44,32,72.7,8,3,3,4,28.6,,,,,,2007-2008
Lyon,2,8,8,720,,12,1.50,42,30,71.4,3,2,3,2,25.0,,,,,,2007-2008
Manchester Utd,2,13,13,"1,200",,6,0.45,59,53,89.8,9,5,0,8,61.5,,,,,,2007-2008
Marseille,1,6,6,540,,9,1.50,19,10,52.6,2,1,3,2,33.3,,,,,,2007-2008
Milan,2,8,8,720,,7,0.87,46,39,84.8,4,2,2,3,37.5,,,,,,2007-2008
Olympiacos,1,8,8,720,,10,1.25,43,33,76.7,3,3,2,3,37.5,,,,,,2007-2008
Porto,2,8,8,750,,8,0.96,33,25,75.8,4,2,2,3,37.5,,,,,,2007-2008
PSV Eindhoven,1,6,6,540,,6,1.00,24,18,75.0,2,1,3,2,33.3,,,,,,2007-2008
Rangers,1,10,10,540,,9,1.50,51,42,82.4,5,2,3,2,20.0,,,,,,2007-2008
Real Madrid,1,8,8,720,,13,1.62,42,29,69.0,3,2,3,1,12.5,,,,,,2007-2008
Roma,2,10,10,900,,11,1.10,47,36,76.6,5,2,3,1,10.0,,,,,,2007-2008
Rosenborg,1,10,10,540,,10,1.67,42,32,76.2,6,1,3,0,0.0,,,,,,2007-2008
Schalke 04,1,10,10,930,,7,0.68,48,41,85.4,3,2,5,4,40.0,,,,,,2007-2008
Sevilla,2,10,10,750,,12,1.44,29,17,58.6,8,0,2,2,20.0,,,,,,2007-2008
Shakhtar,1,10,10,540,,11,1.83,33,22,66.7,5,0,5,2,20.0,,,,,,2007-2008
Slavia Prague,2,10,10,540,,16,2.67,32,16,50.0,3,4,3,1,10.0,,,,,,2007-2008
Sporting CP,3,6,6,540,,8,1.33,35,27,77.1,2,1,3,0,0.0,,,,,,2007-2008
Steaua,1,10,10,540,,10,1.67,32,22,68.8,3,2,5,0,0.0,,,,,,2007-2008
Stuttgart,1,6,6,540,,15,2.50,58,43,74.1,1,0,5,1,16.7,,,,,,2007-2008
Valencia,2,8,8,540,,6,1.00,27,21,77.8,3,2,3,4,50.0,,,,,,2007-2008
Werder Bremen,2,8,8,540,,13,2.17,43,30,69.8,4,0,4,0,0.0,,,,,,2007-2008
AEK Athens,1,8,8,540,,9,1.50,33,24,72.7,4,2,2,3,37.5,,,,,,2006-2007
Anderlecht,2,6,6,540,,11,1.83,40,29,72.5,0,4,2,0,0.0,,,,,,2006-2007
Arsenal,1,10,10,720,,5,0.62,29,24,82.8,5,3,2,3,30.0,,,,,,2006-2007
Barcelona,1,8,8,720,,6,0.75,27,21,77.8,4,2,2,4,50.0,,,,,,2006-2007
Bayern Munich,1,10,10,810,,9,1.00,41,32,78.0,4,4,2,4,40.0,,,,,,2006-2007
Benfica,1,8,8,540,,8,1.33,34,26,76.5,3,2,3,2,25.0,,,,,,2006-2007
Bordeaux,1,6,6,540,,7,1.17,25,18,72.0,2,1,3,1,16.7,,,,,,2006-2007
Celtic,1,8,8,750,,10,1.20,42,32,76.2,3,1,4,4,50.0,,,,,,2006-2007
Chelsea,3,12,12,"1,110",,9,0.73,38,29,76.3,7,3,2,4,33.3,,,,,,2006-2007
CSKA Moscow,1,8,8,540,,6,1.00,22,16,72.7,4,2,2,3,37.5,,,,,,2006-2007
Dynamo Kyiv,2,10,10,518,,15,2.61,39,24,61.5,3,3,4,0,0.0,,,,,,2006-2007
FC Copenhagen,1,10,10,540,,7,1.17,26,19,73.1,4,2,4,2,20.0,,,,,,2006-2007
Galatasaray,1,8,8,540,,12,2.00,41,29,70.7,2,2,4,1,12.5,,,,,,2006-2007
Hamburger SV,2,8,8,540,,15,2.50,42,27,64.3,1,2,5,1,12.5,,,,,,2006-2007
Inter,2,8,8,720,,7,0.87,36,29,80.6,3,3,2,3,37.5,,,,,,2006-2007
Levski Sofia,3,10,10,540,,19,3.17,43,24,55.8,3,1,6,0,0.0,,,,,,2006-2007
Lille,2,10,10,720,,7,0.87,35,28,80.0,4,3,3,2,20.0,,,,,,2006-2007
Liverpool,2,15,15,"1,200",,10,0.75,47,37,78.7,9,3,4,7,46.7,,,,,,2006-2007
Lyon,2,8,8,720,,5,0.62,28,23,82.1,4,3,1,5,62.5,,,,,,2006-2007
Manchester Utd,1,12,12,"1,080",,13,1.08,45,32,71.1,8,0,4,4,33.3,,,,,,2006-2007
Milan,2,15,15,"1,200",,10,0.75,51,41,80.4,9,4,3,7,46.7,,,,,,2006-2007
Olympiacos,1,6,6,540,,11,1.83,30,19,63.3,0,3,3,0,0.0,,,,,,2006-2007
Porto,1,8,8,720,,7,0.87,24,17,70.8,3,3,2,3,37.5,,,,,,2006-2007
PSV Eindhoven,1,10,10,900,,11,1.10,49,38,77.6,4,2,4,4,40.0,,,,,,2006-2007
Real Madrid,2,8,8,720,,12,1.50,39,27,69.2,4,2,2,1,12.5,,,,,,2006-2007
Roma,1,10,10,900,,12,1.20,41,29,70.7,5,2,3,5,50.0,,,,,,2006-2007
Shakhtar,3,8,8,540,,11,1.83,28,17,60.7,3,3,2,1,12.5,,,,,,2006-2007
Spartak Moscow,2,10,10,540,,11,1.83,28,17,60.7,2,5,3,0,0.0,,,,,,2006-2007
Sporting CP,1,6,6,540,,6,1.00,22,16,72.7,1,2,3,2,33.3,,,,,,2006-2007
Steaua,2,10,10,540,,11,1.83,31,20,64.5,4,3,3,0,0.0,,,,,,2006-2007
Valencia,2,12,12,900,,11,1.10,30,19,63.3,5,4,3,3,25.0,,,,,,2006-2007
Werder Bremen,2,6,6,540,,4,0.67,22,18,81.8,3,1,2,3,50.0,,,,,,2006-2007
Ajax,2,10,10,900,,9,0.90,34,25,73.5,4,4,2,3,30.0,,,,,,2005-2006
Anderlecht,2,10,10,540,,8,1.33,32,24,75.0,4,0,6,1,10.0,,,,,,2005-2006
Arsenal,2,13,13,"1,170",,4,0.31,41,37,90.2,8,5,1,9,69.2,,,,,,2005-2006
Artmedia,1,12,12,540,,9,1.50,33,24,72.7,3,5,4,2,16.7,,,,,,2005-2006
Barcelona,2,13,13,"1,170",,5,0.38,45,40,88.9,9,5,0,9,69.2,,,,,,2005-2006
Bayern Munich,2,8,8,720,,9,1.13,39,30,76.9,4,2,2,3,37.5,,,,,,2005-2006
Benfica,4,10,10,900,,6,0.60,43,37,86.0,4,3,3,5,50.0,,,,,,2005-2006
Betis,2,8,8,630,,7,1.00,33,26,78.8,3,2,3,2,25.0,,,,,,2005-2006
Chelsea,2,8,8,720,,4,0.50,27,23,85.2,3,3,2,6,75.0,,,,,,2005-2006
Club Brugge,2,8,8,540,,7,1.17,20,13,65.0,3,1,4,1,12.5,,,,,,2005-2006
Fenerbahçe,1,6,6,540,,14,2.33,40,26,65.0,1,1,4,0,0.0,,,,,,2005-2006
Inter,2,12,12,900,,8,0.80,41,33,80.5,7,3,2,4,33.3,,,,,,2005-2006
Juventus,2,10,10,900,,11,1.10,39,28,71.8,6,1,3,3,30.0,,,,,,2005-2006
Lille,1,6,6,540,,2,0.33,19,17,89.5,1,3,2,4,66.7,,,,,,2005-2006
Liverpool,1,14,14,720,,4,0.50,26,22,84.6,8,3,3,5,35.7,,,,,,2005-2006
Lyon,2,10,10,900,,8,0.80,45,37,82.2,7,2,1,5,50.0,,,,,,2005-2006
Manchester Utd,1,8,8,540,,4,0.67,21,17,81.0,3,3,2,3,37.5,,,,,,2005-2006
Milan,2,12,12,"1,080",,10,0.83,35,25,71.4,5,5,2,5,41.7,,,,,,2005-2006
Olympiacos,1,6,6,450,,9,1.80,25,16,64.0,1,1,4,0,0.0,,,,,,2005-2006
Panathinaikos,1,8,8,540,,16,2.67,43,27,62.8,2,1,5,1,12.5,,,,,,2005-2006
Porto,1,6,6,540,,9,1.50,23,14,60.9,1,2,3,2,33.3,,,,,,2005-2006
PSV Eindhoven,1,8,8,720,,11,1.37,41,30,73.2,3,1,4,3,37.5,,,,,,2005-2006
Rangers,1,10,10,720,,10,1.25,37,27,73.0,3,6,1,1,10.0,,,,,,2005-2006
Rapid Wien,2,10,10,540,,15,2.50,37,22,59.5,3,1,6,0,0.0,,,,,,2005-2006
Real Madrid,2,8,8,720,,9,1.13,30,21,70.0,3,2,3,2,25.0,,,,,,2005-2006
Rosenborg,1,8,8,540,,11,1.83,34,23,67.6,2,2,4,0,0.0,,,,,,2005-2006
Schalke 04,1,6,6,540,,9,1.50,33,24,72.7,2,2,2,1,16.7,,,,,,2005-2006
Sparta Prague,1,6,6,540,,9,1.50,31,22,71.0,0,2,4,1,16.7,,,,,,2005-2006
Thun,1,10,10,540,,9,1.50,28,19,67.9,4,2,4,0,0.0,,,,,,2005-2006
Udinese,1,8,8,720,,12,1.50,34,22,64.7,4,1,3,0,0.0,,,,,,2005-2006
Villarreal,2,14,14,"1,170",,7,0.54,43,36,83.7,5,7,2,7,50.0,,,,,,2005-2006
Werder Bremen,1,10,10,720,,12,1.50,34,22,64.7,4,1,5,1,10.0,,,,,,2005-2006
Ajax,3,6,6,540,,13,2.17,39,26,66.7,1,1,4,1,16.7,,,,,,2004-2005
Anderlecht,3,8,8,540,,17,2.83,47,30,63.8,1,0,7,0,0.0,,,,,,2004-2005
Arsenal,2,8,8,720,,10,1.25,40,30,75.0,3,4,1,2,25.0,,,,,,2004-2005
Barcelona,1,8,8,720,,11,1.37,38,27,71.1,4,1,3,1,12.5,,,,,,2004-2005
Bayern Munich,1,10,10,900,,13,1.30,45,32,71.1,5,1,4,2,20.0,,,,,,2004-2005
Celtic,2,6,6,540,,10,1.67,35,25,71.4,1,2,3,2,33.3,,,,,,2004-2005
Chelsea,2,12,12,"1,080",,13,1.08,45,32,71.1,6,2,4,5,41.7,,,,,,2004-2005
CSKA Moscow,1,10,10,540,,5,0.83,32,27,84.4,4,3,3,2,20.0,,,,,,2004-2005
Dynamo Kyiv,1,8,8,450,,8,1.60,31,23,74.2,4,1,3,1,12.5,,,,,,2004-2005
Fenerbahçe,2,6,6,540,,13,2.17,43,30,69.8,3,0,3,3,50.0,,,,,,2004-2005
Inter,3,12,12,810,,7,0.78,41,34,82.9,6,4,2,3,25.0,,,,,,2004-2005
Juventus,2,12,12,930,,4,0.39,36,32,88.9,7,3,2,7,58.3,,,,,,2004-2005
La Coruña,2,8,8,540,,9,1.50,33,24,72.7,1,3,4,2,25.0,,,,,,2004-2005
Leverkusen,1,10,10,720,,13,1.62,46,33,71.7,4,2,4,2,20.0,,,,,,2004-2005
Liverpool,3,15,15,"1,200",,9,0.68,67,58,86.6,8,5,3,6,40.0,,,,,,2004-2005
Lyon,2,10,10,930,,11,1.06,46,35,76.1,6,3,1,1,10.0,,,,,,2004-2005
Maccabi Tel Aviv,2,10,10,540,,12,2.00,44,32,72.7,4,2,4,0,0.0,,,,,,2004-2005
Manchester Utd,2,10,10,720,,11,1.37,35,24,68.6,5,2,3,1,10.0,,,,,,2004-2005
Milan,1,13,13,"1,110",,9,0.73,51,42,82.4,9,3,2,8,61.5,,,,,,2004-2005
Monaco,1,10,10,720,,7,0.87,43,36,83.7,6,0,4,3,30.0,,,,,,2004-2005
Olympiacos,1,6,6,540,,5,0.83,28,23,82.1,3,1,2,4,66.7,,,,,,2004-2005
Panathinaikos,2,6,6,540,,8,1.33,32,24,75.0,2,3,1,0,0.0,,,,,,2004-2005
Paris S-G,1,6,6,540,,8,1.33,34,26,76.5,1,2,3,3,50.0,,,,,,2004-2005
Porto,2,8,8,720,,10,1.25,42,32,76.2,2,3,3,3,37.5,,,,,,2004-2005
PSV Eindhoven,2,14,14,"1,110",,14,1.14,56,42,75.0,7,3,4,4,28.6,,,,,,2004-2005
Real Madrid,1,10,10,750,,10,1.20,46,36,78.3,6,2,2,3,30.0,,,,,,2004-2005
Roma,2,6,6,450,,13,2.60,31,18,58.1,0,1,5,0,0.0,,,,,,2004-2005
Rosenborg,1,10,10,540,,13,2.17,42,29,69.0,4,2,4,0,0.0,,,,,,2004-2005
Shakhtar,1,10,10,540,,9,1.50,34,25,73.5,5,1,4,2,20.0,,,,,,2004-2005
Sparta Prague,1,10,10,540,,13,2.17,41,28,68.3,2,2,6,1,10.0,,,,,,2004-2005
Valencia,1,6,6,540,,10,1.67,34,24,70.6,2,1,3,2,33.3,,,,,,2004-2005
Werder Bremen,1,8,8,720,,16,2.00,43,27,62.8,4,1,3,1,12.5,,,,,,2004-2005
AEK Athens,2,8,8,540,,11,1.83,25,14,56.0,1,2,5,1,12.5,,,,,,2003-2004
Ajax,1,8,8,540,,7,1.17,28,21,75.0,3,1,4,2,25.0,,,,,,2003-2004
Anderlecht,1,10,10,540,,6,1.00,22,16,72.7,5,2,3,2,20.0,,,,,,2003-2004
Arsenal,1,10,10,900,,11,1.10,41,30,73.2,5,2,3,3,30.0,,,,,,2003-2004
Bayern Munich,1,8,8,720,,7,0.87,38,31,81.6,2,4,2,2,25.0,,,,,,2003-2004
Beşiktaş,1,6,6,540,,7,1.17,34,27,79.4,2,1,3,2,33.3,,,,,,2003-2004
Celta Vigo,2,10,10,720,,11,1.37,41,30,73.2,3,3,4,1,10.0,,,,,,2003-2004
Celtic,1,10,10,540,,7,1.17,34,27,79.4,6,1,3,2,20.0,,,,,,2003-2004
Chelsea,2,14,14,"1,080",,10,0.83,45,35,77.8,8,4,2,4,28.6,,,,,,2003-2004
Club Brugge,2,8,8,540,,6,1.00,35,29,82.9,3,2,3,1,12.5,,,,,,2003-2004
Dynamo Kyiv,1,8,8,540,,8,1.33,43,35,81.4,4,1,3,1,12.5,,,,,,2003-2004
Galatasaray,1,8,8,540,,8,1.33,34,26,76.5,4,1,3,1,12.5,,,,,,2003-2004
Inter,1,6,6,540,,11,1.83,37,26,70.3,2,2,2,1,16.7,,,,,,2003-2004
Juventus,1,8,8,540,,6,1.00,22,16,72.7,4,1,3,2,25.0,,,,,,2003-2004
La Coruña,2,14,14,"1,080",,17,1.42,51,34,66.7,7,3,4,8,57.1,,,,,,2003-2004
Lazio,2,8,8,540,,10,1.67,38,28,73.7,3,2,3,1,12.5,,,,,,2003-2004
Loko Moscow,1,10,10,540,,7,1.17,42,35,83.3,4,2,4,2,20.0,,,,,,2003-2004
Lyon,3,10,10,900,,11,1.10,43,32,74.4,5,2,3,4,40.0,,,,,,2003-2004
Manchester Utd,2,8,8,540,,5,0.83,27,22,81.5,5,1,2,4,50.0,,,,,,2003-2004
Marseille,2,8,8,540,,11,1.83,52,41,78.8,2,2,4,1,12.5,,,,,,2003-2004
Milan,2,10,10,900,,9,0.90,40,31,77.5,5,2,3,4,40.0,,,,,,2003-2004
Monaco,2,13,13,"1,170",,19,1.46,65,46,70.8,6,4,4,1,7.7,,,,,,2003-2004
Olympiacos,3,6,6,540,,13,2.17,41,28,68.3,1,1,4,0,0.0,,,,,,2003-2004
Panathinaikos,2,6,6,540,,13,2.17,45,32,71.1,1,1,4,0,0.0,,,,,,2003-2004
Partizan,2,10,10,540,,8,1.33,37,29,78.4,1,5,4,1,10.0,,,,,,2003-2004
Porto,1,13,13,"1,170",,12,0.92,51,39,76.5,7,6,1,0,0.0,,,,,,2003-2004
PSV Eindhoven,1,6,6,540,,7,1.17,28,21,75.0,3,1,2,1,16.7,,,,,,2003-2004
Rangers,1,8,8,540,,10,1.67,30,20,66.7,2,2,4,0,0.0,,,,,,2003-2004
Real Madrid,1,10,10,810,,10,1.11,34,24,70.6,6,3,1,2,20.0,,,,,,2003-2004
Real Sociedad,2,8,8,540,,10,1.67,36,26,72.2,2,3,3,1,12.5,,,,,,2003-2004
Sparta Prague,1,10,10,540,,9,1.50,44,35,79.5,3,4,3,3,30.0,,,,,,2003-2004
Stuttgart,1,8,8,720,,7,0.87,34,27,79.4,4,1,3,2,25.0,,,,,,2003-2004
AEK Athens,1,8,8,540,,7,1.17,41,34,82.9,2,6,0,2,25.0,,,,,,2002-2003
Ajax,4,14,14,"1,260",,13,0.93,72,59,81.9,3,8,3,4,28.6,,,,,,2002-2003
Arsenal,3,12,12,"1,080",,9,0.75,49,40,81.6,4,5,3,6,50.0,,,,,,2002-2003
Auxerre,1,8,8,540,,7,1.17,27,20,74.1,3,2,3,2,25.0,,,,,,2002-2003
Barcelona,3,16,16,"1,290",,9,0.63,48,39,81.3,13,2,1,7,43.8,,,,,,2002-2003
Basel,1,16,16,"1,080",,22,1.83,80,58,72.5,6,5,5,1,6.3,,,,,,2002-2003
Bayern Munich,2,8,8,540,,13,2.17,32,19,59.4,2,2,4,0,0.0,,,,,,2002-2003
Club Brugge,1,10,10,540,,7,1.17,31,24,77.4,3,4,3,2,20.0,,,,,,2002-2003
Dortmund,1,12,12,"1,080",,12,1.00,60,48,80.0,6,2,4,3,25.0,,,,,,2002-2003
Dynamo Kyiv,1,10,10,540,,9,1.50,25,16,64.0,5,2,3,3,30.0,,,,,,2002-2003
Feyenoord,2,8,8,540,,8,1.33,37,29,78.4,3,2,3,2,25.0,,,,,,2002-2003
Galatasaray,1,6,6,540,,10,1.67,37,27,73.0,1,1,4,2,33.3,,,,,,2002-2003
Genk,2,8,8,530,,9,1.53,31,22,71.0,1,4,3,2,25.0,,,,,,2002-2003
Inter,1,18,18,"1,530",,19,1.12,102,83,81.4,8,7,3,6,33.3,,,,,,2002-2003
Juventus,2,17,17,"1,590",,19,1.08,97,78,80.4,8,5,5,5,29.4,,,,,,2002-2003
La Coruña,3,12,12,"1,080",,20,1.67,59,39,66.1,6,1,5,2,16.7,,,,,,2002-2003
Lens,1,6,6,540,,11,1.83,28,17,60.7,2,2,2,17,283.3,,,,,,2002-2003
Leverkusen,2,12,12,"1,080",,26,2.17,66,40,60.6,3,0,9,2,16.7,,,,,,2002-2003
Liverpool,1,6,6,540,,8,1.33,25,17,68.0,2,2,2,1,16.7,,,,,,2002-2003
Loko Moscow,1,14,14,"1,080",,17,1.42,69,52,75.4,3,3,8,1,7.1,,,,,,2002-2003
Lyon,1,6,6,540,,9,1.50,23,14,60.9,2,2,2,1,16.7,,,,,,2002-2003
Maccabi Haifa,1,10,10,540,,12,2.00,49,37,75.5,5,2,3,2,20.0,,,,,,2002-2003
Manchester Utd,3,16,16,"1,260",,19,1.36,77,58,75.3,11,1,4,4,25.0,,,,,,2002-2003
Milan,2,19,19,"1,560",,14,0.81,71,57,80.3,10,5,5,6,31.6,,,,,,2002-2003
Newcastle Utd,2,14,14,"1,080",,21,1.75,59,38,64.4,7,1,6,1,7.1,,,,,,2002-2003
Olympiacos,1,6,6,540,,17,2.83,37,20,54.1,1,1,4,0,0.0,,,,,,2002-2003
PSV Eindhoven,2,6,6,540,,8,1.33,22,14,63.6,1,3,2,2,33.3,,,,,,2002-2003
Real Madrid,2,16,16,"1,440",,22,1.37,80,58,72.5,7,5,4,3,18.8,,,,,,2002-2003
Roma,2,12,12,"1,080",,12,1.00,44,32,72.7,3,5,4,4,33.3,,,,,,2002-2003
Rosenborg,1,8,8,540,,12,2.00,33,21,63.6,2,4,2,1,12.5,,,,,,2002-2003
Spartak Moscow,2,6,6,540,,18,3.00,44,26,59.1,0,0,6,0,0.0,,,,,,2002-2003
Valencia,2,14,14,"1,260",,12,0.86,57,45,78.9,8,4,2,5,35.7,,,,,,2002-2003
Anderlecht,1,10,10,540,,13,2.17,41,28,68.3,3,4,3,0,0.0,,,,,,2001-2002
Arsenal,3,12,12,"1,080",,18,1.50,48,30,62.5,5,1,6,2,16.7,,,,,,2001-2002
Barcelona,2,18,18,"1,440",,17,1.06,59,42,71.2,10,4,4,5,27.8,,,,,,2001-2002
Bayern Munich,1,14,14,"1,080",,10,0.83,45,35,77.8,8,5,1,6,42.9,,,,,,2001-2002
Boavista,1,12,12,"1,080",,15,1.25,49,34,69.4,3,4,5,4,33.3,,,,,,2001-2002
Celtic,1,8,8,540,,11,1.83,34,23,67.6,4,0,4,1,12.5,,,,,,2001-2002
Dortmund,1,8,8,540,,7,1.17,21,14,66.7,4,2,2,3,37.5,,,,,,2001-2002
Dynamo Kyiv,2,8,8,540,,9,1.50,29,20,69.0,2,2,4,1,12.5,,,,,,2001-2002
Fenerbahçe,1,8,8,540,,12,2.00,36,24,66.7,1,1,6,0,0.0,,,,,,2001-2002
Feyenoord,2,6,6,540,,14,2.33,36,22,61.1,1,2,3,0,0.0,,,,,,2001-2002
Galatasaray,1,16,16,"1,080",,10,0.83,55,45,81.8,6,7,3,5,31.3,,,,,,2001-2002
Juventus,2,12,12,"1,080",,16,1.33,54,38,70.4,5,3,4,4,33.3,,,,,,2001-2002
La Coruña,2,14,14,"1,260",,19,1.36,69,50,72.5,5,5,4,3,21.4,,,,,,2001-2002
Lazio,1,8,8,540,,7,1.17,30,23,76.7,3,0,5,2,25.0,,,,,,2001-2002
Leverkusen,1,19,19,"1,530",,28,1.65,81,53,65.4,9,5,6,4,21.1,,,,,,2001-2002
Lille,1,8,8,540,,7,1.17,25,18,72.0,2,3,3,2,25.0,,,,,,2001-2002
Liverpool,2,16,16,"1,260",,11,0.79,53,42,79.2,7,7,2,5,31.3,,,,,,2001-2002
Loko Moscow,1,8,8,540,,9,1.50,26,17,65.4,3,1,4,0,0.0,,,,,,2001-2002
Lyon,1,6,6,540,,9,1.50,24,15,62.5,3,0,3,1,16.7,,,,,,2001-2002
Mallorca,3,8,8,540,,9,1.50,26,17,65.4,4,0,4,2,25.0,,,,,,2001-2002
Manchester Utd,2,16,16,"1,440",,14,0.87,55,41,74.5,8,6,2,5,31.3,,,,,,2001-2002
Nantes,1,12,12,990,,12,1.09,46,34,73.9,3,4,5,3,25.0,,,,,,2001-2002
Olympiacos,2,6,6,540,,12,2.00,38,26,68.4,1,2,3,0,0.0,,,,,,2001-2002
Panathinaikos,1,16,16,"1,260",,14,1.00,61,47,77.0,9,2,5,4,25.0,,,,,,2001-2002
Porto,3,16,16,"1,080",,12,1.00,46,34,73.9,6,3,7,4,25.0,,,,,,2001-2002
PSV Eindhoven,3,6,6,540,,9,1.50,27,18,66.7,2,1,3,1,16.7,,,,,,2001-2002
Real Madrid,2,17,17,"1,530",,15,0.88,77,62,80.5,12,4,2,6,35.3,,,,,,2001-2002
Roma,2,12,12,"1,080",,10,0.83,44,34,77.3,3,7,2,3,25.0,,,,,,2001-2002
Rosenborg,1,8,8,540,,6,1.00,22,16,72.7,2,2,4,1,12.5,,,,,,2001-2002
Schalke 04,1,6,6,540,,9,1.50,27,18,66.7,2,0,4,1,16.7,,,,,,2001-2002
Sparta Prague,1,12,12,"1,080",,13,1.08,44,31,70.5,5,2,5,5,41.7,,,,,,2001-2002
Spartak Moscow,2,6,6,540,,16,2.67,37,21,56.8,0,2,4,0,0.0,,,,,,2001-2002
Anderlecht,2,16,16,"1,080",,26,2.17,63,37,58.7,8,2,6,3,18.8,,,,,,2000-2001
Arsenal,4,14,14,"1,260",,18,1.29,56,38,67.9,7,3,4,4,28.6,,,,,,2000-2001
Barcelona,2,6,6,540,,9,1.50,26,17,65.4,2,2,2,2,33.3,,,,,,2000-2001
Bayern Munich,2,17,17,"1,560",,12,0.69,55,43,78.2,11,5,2,7,41.2,,,,,,2000-2001
Beşiktaş,2,10,10,540,,17,2.83,42,25,59.5,4,2,4,0,0.0,,,,,,2000-2001
Dynamo Kyiv,1,8,8,540,,8,1.33,25,17,68.0,1,3,4,2,25.0,,,,,,2000-2001
Galatasaray,2,16,16,"1,260",,24,1.71,57,33,57.9,7,4,5,4,25.0,,,,,,2000-2001
Hamburger SV,1,8,8,540,,9,1.50,26,17,65.4,2,4,2,2,25.0,,,,,,2000-2001
Heerenveen,1,6,6,540,,9,1.50,33,24,72.7,1,1,4,0,0.0,,,,,,2000-2001
Helsingborg,1,10,10,540,,14,2.33,41,27,65.9,3,4,3,1,10.0,,,,,,2000-2001
Juventus,2,6,6,540,,12,2.00,27,15,55.6,1,3,2,1,16.7,,,,,,2000-2001
La Coruña,2,14,14,"1,260",,14,1.00,47,33,70.2,6,5,3,5,35.7,,,,,,2000-2001
Lazio,2,12,12,"1,080",,15,1.25,52,37,71.2,5,3,4,3,25.0,,,,,,2000-2001
Leeds United,2,18,18,"1,440",,21,1.31,71,50,70.4,8,5,5,3,16.7,,,,,,2000-2001
Leverkusen,2,6,6,540,,12,2.00,30,18,60.0,2,1,3,1,16.7,,,,,,2000-2001
Lyon,1,14,14,"1,080",,10,0.83,41,31,75.6,7,2,5,4,28.6,,,,,,2000-2001
Manchester Utd,2,14,14,"1,260",,13,0.93,53,40,75.5,6,4,4,6,42.9,,,,,,2000-2001
Milan,3,14,14,"1,080",,13,1.08,47,34,72.3,6,6,2,4,28.6,,,,,,2000-2001
Monaco,1,6,6,540,,10,1.67,34,24,70.6,2,1,3,0,0.0,,,,,,2000-2001
Olympiacos,1,6,6,540,,5,0.83,22,17,77.3,3,0,3,3,50.0,,,,,,2000-2001
Panathinaikos,2,14,14,"1,070",,15,1.26,62,47,75.8,3,5,6,3,21.4,,,,,,2000-2001
Paris S-G,1,12,12,"1,080",,19,1.58,65,46,70.8,4,3,5,2,16.7,,,,,,2000-2001
PSV Eindhoven,1,6,6,540,,9,1.50,26,17,65.4,3,0,3,1,16.7,,,,,,2000-2001
Rangers,2,10,10,540,,7,1.17,33,26,78.8,5,3,2,2,20.0,,,,,,2000-2001
Real Madrid,2,16,16,"1,440",,23,1.44,72,49,68.1,9,2,5,3,18.8,,,,,,2000-2001
Rosenborg,2,10,10,540,,15,2.50,39,24,61.5,4,3,3,0,0.0,,,,,,2000-2001
Shakhtar Donetsk,1,10,10,540,,15,2.50,35,20,57.1,5,0,5,0,0.0,,,,,,2000-2001
Sparta Prague,2,8,8,540,,13,2.17,37,24,64.9,3,0,5,0,0.0,,,,,,2000-2001
Spartak Moscow,1,12,12,"1,080",,14,1.17,41,27,65.9,5,1,6,4,33.3,,,,,,2000-2001
Sporting CP,2,6,6,540,,15,2.50,37,22,59.5,0,2,4,1,16.7,,,,,,2000-2001
Sturm Graz,2,16,16,"1,080",,25,2.08,64,39,60.9,8,2,6,3,18.8,,,,,,2000-2001
Valencia,1,19,19,"1,470",,8,0.49,41,33,80.5,10,8,2,10,52.6,,,,,,2000-2001
AIK Stockholm,2,10,10,540,,16,2.67,41,25,61.0,3,2,5,0,0.0,,,,,,1999-2000
Arsenal,2,6,6,540,,9,1.50,26,17,65.4,2,2,2,1,16.7,,,,,,1999-2000
Barcelona,2,16,16,"1,470",,23,1.41,65,42,64.6,11,3,2,3,18.8,,,,,,1999-2000
Bayern Munich,2,16,16,"1,440",,19,1.19,63,44,69.8,8,5,3,1,6.3,,,,,,1999-2000
Boavista,2,8,8,539,,10,1.67,35,25,71.4,3,2,3,2,25.0,,,,,,1999-2000
Bordeaux,2,12,12,"1,080",,18,1.50,55,37,67.3,3,5,4,4,33.3,,,,,,1999-2000
Chelsea,1,16,16,"1,290",,14,0.98,62,48,77.4,8,4,4,4,25.0,,,,,,1999-2000
Croatia Zagreb,2,8,8,540,,7,1.17,25,18,72.0,2,3,3,2,25.0,,,,,,1999-2000
Dortmund,1,8,8,540,,9,1.50,24,15,62.5,3,3,2,2,25.0,,,,,,1999-2000
Dynamo Kyiv,1,16,16,"1,080",,16,1.33,44,28,63.6,8,3,5,2,12.5,,,,,,1999-2000
Feyenoord,1,12,12,"1,080",,13,1.08,51,38,74.5,3,7,2,5,41.7,,,,,,1999-2000
Fiorentina,2,14,14,"1,080",,15,1.25,70,55,78.6,6,5,3,2,14.3,,,,,,1999-2000
Galatasaray,2,8,8,540,,13,2.17,31,18,58.1,4,1,3,0,0.0,,,,,,1999-2000
Hertha BSC,2,14,14,"1,080",,18,1.50,55,37,67.3,3,5,6,1,7.1,,,,,,1999-2000
Lazio,2,14,14,"1,260",,12,0.86,49,37,75.5,8,4,2,7,50.0,,,,,,1999-2000
Leverkusen,1,6,6,540,,7,1.17,22,15,68.2,1,4,1,2,33.3,,,,,,1999-2000
Manchester Utd,2,14,14,"1,260",,11,0.79,44,33,75.0,8,3,3,6,42.9,,,,,,1999-2000
Marseille,2,12,12,"1,080",,19,1.58,63,44,69.8,4,2,6,4,33.3,,,,,,1999-2000
Milan,1,6,6,540,,7,1.17,23,16,69.6,1,3,2,2,33.3,,,,,,1999-2000
Molde,1,10,10,540,,14,2.33,35,21,60.0,2,2,6,0,0.0,,,,,,1999-2000
NK Maribor,2,10,10,540,,12,2.00,39,27,69.2,4,1,5,2,20.0,,,,,,1999-2000
Olympiacos,1,6,6,540,,12,2.00,31,19,61.3,2,1,3,0,0.0,,,,,,1999-2000
Porto,2,14,14,"1,260",,17,1.21,62,45,72.6,7,2,5,5,35.7,,,,,,1999-2000
PSV,2,8,8,540,,10,1.67,32,22,68.8,2,2,4,0,0.0,,,,,,1999-2000
Rangers,2,10,10,540,,7,1.17,29,22,75.9,5,1,4,1,10.0,,,,,,1999-2000
Real Madrid,3,17,17,"1,530",,23,1.35,73,50,68.5,10,4,4,6,35.3,,,,,,1999-2000
Rosenborg,2,12,12,"1,080",,16,1.33,47,31,66.0,3,3,6,3,25.0,,,,,,1999-2000
Sparta Prague,2,12,12,"1,080",,18,1.50,59,41,69.5,4,5,3,4,33.3,,,,,,1999-2000
Spartak Moscow,1,8,8,540,,12,2.00,33,21,63.6,3,2,3,0,0.0,,,,,,1999-2000
Sturm Graz,2,8,8,540,,12,2.00,32,20,62.5,3,1,4,0,0.0,,,,,,1999-2000
Valencia,2,19,19,"1,530",,18,1.06,71,53,74.6,10,5,5,5,26.3,,,,,,1999-2000
Willem II,2,6,6,540,,15,2.50,36,21,58.3,0,2,4,1,16.7,,,,,,1999-2000
