Squad,# Pl,Age,Poss,MP,Starts,Min,90s,Gls,Ast,G+A,G-PK,PK,PKatt,CrdY,CrdR,xG,npxG,xAG,npxG+xAG,PrgC,PrgP,Gls,Ast,G+A,G-PK,G+A-PK,xG,xAG,xG+xAG,npxG,npxG+xAG,Année édition
Ajax,19,26.4,53.2,6,66,540,6.0,11,9,20,10,1,1,15,1,8.3,7.5,6.3,13.8,80,234,1.83,1.50,3.33,1.67,3.17,1.39,1.04,2.43,1.26,2.30,2022-2023
Atlético Madrid,22,28.6,56.5,6,66,540,6.0,4,3,7,4,0,2,11,0,9.5,7.8,5.3,13.2,111,286,0.67,0.50,1.17,0.67,1.17,1.59,0.88,2.47,1.31,2.19,2022-2023
Barcelona,26,26.4,64.8,6,66,540,6.0,12,10,22,12,0,0,9,0,9.9,9.9,8.2,18.1,167,358,2.00,1.67,3.67,2.00,3.67,1.65,1.36,3.01,1.65,3.01,2022-2023
Bayern Munich,24,26.6,56.1,10,110,900,10.0,21,19,40,20,1,1,20,1,19.4,18.6,15.5,34.1,249,541,2.10,1.90,4.00,2.00,3.90,1.94,1.55,3.49,1.86,3.41,2022-2023
Benfica,24,26.0,52.9,10,110,900,10.0,25,16,41,20,5,5,19,0,19.2,15.3,12.2,27.5,187,455,2.50,1.60,4.10,2.00,3.60,1.92,1.22,3.14,1.53,2.75,2022-2023
Celtic,22,26.0,44.2,6,66,540,6.0,3,1,4,3,0,1,7,0,9.2,8.4,6.6,14.9,98,300,0.50,0.17,0.67,0.50,0.67,1.53,1.09,2.62,1.40,2.49,2022-2023
Chelsea,26,26.9,57.3,10,110,900,10.0,12,7,19,10,2,2,24,1,16.2,14.6,11.8,26.4,211,512,1.20,0.70,1.90,1.00,1.70,1.62,1.18,2.80,1.46,2.64,2022-2023
Club Brugge,25,26.3,45.6,8,88,720,8.0,8,7,15,7,1,2,27,1,8.0,6.4,5.2,11.7,109,239,1.00,0.87,1.87,0.87,1.75,1.00,0.65,1.65,0.80,1.46,2022-2023
Dinamo Zagreb,20,26.9,46.8,6,66,540,6.0,4,2,6,4,0,0,13,0,4.2,4.2,3.2,7.4,107,194,0.67,0.33,1.00,0.67,1.00,0.70,0.54,1.24,0.70,1.24,2022-2023
Dortmund,26,26.0,47.9,8,88,720,8.0,11,10,21,11,0,0,17,0,10.5,10.5,8.8,19.3,159,300,1.37,1.25,2.62,1.37,2.62,1.31,1.10,2.41,1.31,2.41,2022-2023
Eint Frankfurt,22,26.1,43.3,8,88,720,8.0,7,5,12,6,1,1,18,2,8.0,7.3,5.5,12.8,140,258,0.87,0.62,1.50,0.75,1.37,1.01,0.69,1.69,0.91,1.59,2022-2023
FC Copenhagen,25,24.6,37.7,6,66,540,6.0,1,1,2,1,0,0,12,1,4.8,4.8,3.5,8.3,73,142,0.17,0.17,0.33,0.17,0.33,0.80,0.59,1.39,0.80,1.39,2022-2023
Inter,22,28.5,45.6,13,143,"1,170",13.0,19,17,36,18,1,1,25,0,17.9,17.5,14.3,31.8,204,440,1.46,1.31,2.77,1.38,2.69,1.38,1.10,2.48,1.34,2.45,2022-2023
Juventus,26,28.3,48.3,6,66,540,6.0,9,8,17,9,0,0,14,0,8.6,8.6,7.0,15.6,120,277,1.50,1.33,2.83,1.50,2.83,1.43,1.17,2.60,1.43,2.60,2022-2023
Leverkusen,20,24.8,51.3,6,66,540,6.0,4,4,8,4,0,2,18,1,9.0,7.4,6.3,13.7,138,260,0.67,0.67,1.33,0.67,1.33,1.50,1.05,2.55,1.24,2.29,2022-2023
Liverpool,25,27.5,54.9,8,88,720,8.0,19,15,34,18,1,1,10,0,14.7,13.9,10.8,24.7,150,407,2.37,1.87,4.25,2.25,4.12,1.84,1.34,3.18,1.74,3.09,2022-2023
Maccabi Haifa,20,28.1,43.3,6,66,540,6.0,7,6,13,6,1,1,14,0,6.4,5.6,5.2,10.9,107,213,1.17,1.00,2.17,1.00,2.00,1.07,0.87,1.94,0.94,1.81,2022-2023
Manchester City,23,27.1,59.8,13,143,"1,170",13.0,31,23,54,29,2,5,21,1,26.5,22.6,17.8,40.5,332,644,2.38,1.77,4.15,2.23,4.00,2.04,1.37,3.41,1.74,3.11,2022-2023
Marseille,19,27.0,59.2,6,66,540,6.0,8,6,14,7,1,1,10,1,8.6,7.9,5.3,13.2,129,324,1.33,1.00,2.33,1.17,2.17,1.44,0.88,2.32,1.31,2.19,2022-2023
Milan,23,26.3,48.0,12,132,"1,080",12.0,14,9,23,12,2,3,28,1,16.5,14.1,11.3,25.4,217,378,1.17,0.75,1.92,1.00,1.75,1.38,0.94,2.31,1.18,2.12,2022-2023
Napoli,22,26.4,56.4,10,110,900,10.0,26,20,46,22,4,8,19,1,25.2,19.1,15.7,34.8,260,419,2.60,2.00,4.60,2.20,4.20,2.52,1.57,4.09,1.91,3.48,2022-2023
Paris S-G,21,27.5,56.8,8,88,720,8.0,15,12,27,14,1,1,14,0,10.8,10.0,7.1,17.1,184,352,1.87,1.50,3.38,1.75,3.25,1.35,0.89,2.24,1.25,2.14,2022-2023
Porto,24,26.8,47.5,8,88,720,8.0,12,7,19,9,3,3,22,3,15.2,12.9,10.6,23.5,144,249,1.50,0.87,2.37,1.13,2.00,1.90,1.33,3.23,1.61,2.94,2022-2023
Rangers,22,28.3,38.5,6,66,540,6.0,2,1,3,1,1,1,10,1,4.9,4.1,2.7,6.8,62,139,0.33,0.17,0.50,0.17,0.33,0.82,0.44,1.26,0.68,1.13,2022-2023
RB Leipzig,22,26.1,50.0,8,88,720,8.0,13,12,25,13,0,0,8,0,11.7,11.7,10.2,21.8,126,336,1.62,1.50,3.12,1.62,3.12,1.46,1.27,2.73,1.46,2.73,2022-2023
RB Salzburg,19,22.5,40.0,6,66,540,6.0,5,3,8,4,1,1,11,0,8.3,7.5,5.9,13.4,86,171,0.83,0.50,1.33,0.67,1.17,1.38,0.98,2.36,1.25,2.23,2022-2023
Real Madrid,22,27.8,53.7,12,132,"1,080",12.0,26,21,47,23,3,3,14,0,22.3,20.5,17.2,37.7,284,494,2.17,1.75,3.92,1.92,3.67,1.85,1.43,3.28,1.71,3.14,2022-2023
Sevilla,24,28.8,50.7,6,66,540,6.0,6,5,11,6,0,0,12,0,5.4,5.4,4.0,9.4,74,233,1.00,0.83,1.83,1.00,1.83,0.90,0.67,1.57,0.90,1.57,2022-2023
Shakhtar,20,24.3,42.3,6,66,540,6.0,8,7,15,8,0,0,15,0,3.7,3.7,3.0,6.8,104,140,1.33,1.17,2.50,1.33,2.50,0.62,0.50,1.13,0.62,1.13,2022-2023
Sporting CP,25,25.3,45.3,6,66,540,6.0,8,5,13,8,0,0,17,3,3.8,3.8,3.0,6.7,78,139,1.33,0.83,2.17,1.33,2.17,0.63,0.50,1.12,0.63,1.12,2022-2023
Tottenham,25,27.8,50.6,8,88,720,8.0,8,7,15,7,1,2,20,1,10.0,8.4,7.5,15.9,152,355,1.00,0.87,1.87,0.87,1.75,1.25,0.94,2.19,1.05,1.99,2022-2023
Viktoria Plzeň,22,28.1,29.5,6,66,540,6.0,5,4,9,4,1,1,12,1,5.5,4.8,3.5,8.3,68,127,0.83,0.67,1.50,0.67,1.33,0.92,0.59,1.51,0.79,1.38,2022-2023
Ajax,21,26.0,61.4,8,88,720,8.0,21,16,37,20,1,1,15,0,19.0,18.2,14.1,32.2,179,509,2.62,2.00,4.62,2.50,4.50,2.37,1.76,4.13,2.27,4.03,2021-2022
Atalanta,21,28.2,52.0,6,66,540,6.0,12,11,23,12,0,0,9,0,10.2,10.2,8.8,19.0,133,262,2.00,1.83,3.83,2.00,3.83,1.70,1.46,3.16,1.70,3.16,2021-2022
Atlético Madrid,22,27.9,40.6,10,110,900,10.0,9,8,17,8,1,1,24,4,12.2,11.4,8.7,20.1,161,284,0.90,0.80,1.70,0.80,1.60,1.22,0.87,2.09,1.14,2.01,2021-2022
Barcelona,23,25.9,57.8,6,66,540,6.0,2,1,3,2,0,0,13,1,6.5,6.5,5.5,11.9,142,309,0.33,0.17,0.50,0.33,0.50,1.08,0.91,1.99,1.08,1.99,2021-2022
Bayern Munich,24,26.9,62.9,10,110,900,10.0,30,23,53,27,3,4,12,0,26.3,23.3,18.7,41.9,238,705,3.00,2.30,5.30,2.70,5.00,2.63,1.87,4.49,2.33,4.19,2021-2022
Benfica,24,27.7,38.9,10,110,900,10.0,13,10,23,12,1,1,20,0,11.8,11.0,8.6,19.6,155,278,1.30,1.00,2.30,1.20,2.20,1.18,0.86,2.04,1.10,1.96,2021-2022
Beşiktaş,26,28.0,44.2,6,66,540,6.0,3,2,5,2,1,1,16,2,6.2,5.4,5.0,10.4,98,177,0.50,0.33,0.83,0.33,0.67,1.03,0.83,1.86,0.90,1.73,2021-2022
Chelsea,24,27.4,61.0,10,110,930,10.3,21,15,36,19,2,2,14,0,19.0,17.4,15.4,32.8,226,572,2.03,1.45,3.48,1.84,3.29,1.83,1.49,3.33,1.68,3.18,2021-2022
Club Brugge,21,26.2,38.8,6,66,540,6.0,5,5,10,5,0,0,11,0,6.1,6.1,4.5,10.6,83,208,0.83,0.83,1.67,0.83,1.67,1.02,0.74,1.76,1.02,1.76,2021-2022
Dortmund,23,26.2,51.8,6,66,540,6.0,10,8,18,8,2,2,8,2,11.5,9.9,9.1,18.9,137,254,1.67,1.33,3.00,1.33,2.67,1.91,1.51,3.42,1.65,3.16,2021-2022
Dynamo Kyiv,23,25.5,41.2,6,66,540,6.0,1,1,2,1,0,0,10,0,4.3,4.3,3.0,7.3,82,175,0.17,0.17,0.33,0.17,0.33,0.71,0.50,1.22,0.71,1.22,2021-2022
Inter,22,29.0,49.1,8,88,720,8.0,9,6,15,9,0,0,12,2,12.8,12.8,9.4,22.1,146,389,1.13,0.75,1.87,1.13,1.87,1.59,1.17,2.77,1.59,2.77,2021-2022
Juventus,28,27.3,51.5,8,88,720,8.0,11,6,17,9,2,2,10,0,13.3,11.7,9.7,21.4,153,317,1.37,0.75,2.12,1.13,1.87,1.66,1.21,2.87,1.46,2.67,2021-2022
Lille,23,26.4,46.8,8,88,720,8.0,8,4,12,6,2,2,26,0,10.5,8.9,5.7,14.6,129,283,1.00,0.50,1.50,0.75,1.25,1.31,0.71,2.02,1.11,1.83,2021-2022
Liverpool,28,27.3,61.8,13,143,"1,170",13.0,28,21,49,27,1,2,15,0,27.3,25.8,20.6,46.3,291,740,2.15,1.62,3.77,2.08,3.69,2.10,1.58,3.68,1.98,3.56,2021-2022
Malmö,21,28.4,38.0,6,66,540,6.0,1,1,2,1,0,0,14,1,1.6,1.6,1.4,3.0,53,131,0.17,0.17,0.33,0.17,0.33,0.27,0.23,0.50,0.27,0.50,2021-2022
Manchester City,26,27.2,60.1,12,132,"1,110",12.3,28,23,51,26,2,2,22,1,26.6,25.1,20.3,45.3,338,757,2.27,1.86,4.14,2.11,3.97,2.16,1.64,3.80,2.03,3.68,2021-2022
Manchester Utd,31,27.2,53.9,8,88,720,8.0,12,11,23,12,0,0,17,1,9.4,9.4,7.4,16.9,133,314,1.50,1.37,2.87,1.50,2.87,1.18,0.93,2.11,1.18,2.11,2021-2022
Milan,23,26.0,46.8,6,66,540,6.0,5,4,9,5,0,0,17,1,5.8,5.8,3.8,9.6,91,160,0.83,0.67,1.50,0.83,1.50,0.96,0.63,1.60,0.96,1.60,2021-2022
Paris S-G,21,27.3,54.9,8,88,720,8.0,15,8,23,13,2,4,21,0,15.2,12.0,10.3,22.3,166,275,1.87,1.00,2.87,1.62,2.62,1.90,1.29,3.18,1.50,2.79,2021-2022
Porto,22,26.3,47.8,6,66,540,6.0,4,3,7,3,1,1,17,3,8.0,7.2,5.7,13.0,90,157,0.67,0.50,1.17,0.50,1.00,1.34,0.95,2.29,1.21,2.16,2021-2022
RB Leipzig,23,25.0,49.0,6,66,540,6.0,15,13,28,13,2,3,13,1,13.4,11.1,9.6,20.7,88,244,2.50,2.17,4.67,2.17,4.33,2.24,1.61,3.84,1.85,3.46,2021-2022
RB Salzburg,21,22.9,44.4,8,88,720,8.0,10,6,16,7,3,5,16,0,12.3,8.4,6.1,14.5,127,293,1.25,0.75,2.00,0.87,1.62,1.53,0.76,2.29,1.05,1.81,2021-2022
Real Madrid,25,28.0,51.1,13,143,"1,230",13.7,28,21,49,25,3,3,25,0,21.7,19.3,15.7,35.0,289,552,2.05,1.54,3.59,1.83,3.37,1.59,1.15,2.73,1.41,2.56,2021-2022
Sevilla,22,28.9,60.5,6,66,540,6.0,5,3,8,3,2,2,20,2,7.2,5.6,4.3,9.9,87,297,0.83,0.50,1.33,0.50,1.00,1.20,0.72,1.92,0.94,1.66,2021-2022
Shakhtar,25,25.2,58.8,6,66,540,6.0,2,2,4,2,0,0,5,0,6.8,6.8,6.3,13.1,146,291,0.33,0.33,0.67,0.33,0.67,1.14,1.04,2.18,1.14,2.18,2021-2022
Sheriff Tiraspol,19,26.0,29.8,6,66,540,6.0,7,5,12,7,0,0,13,0,4.4,4.4,3.4,7.8,89,100,1.17,0.83,2.00,1.17,2.00,0.73,0.57,1.30,0.73,1.30,2021-2022
Sporting CP,27,26.7,41.4,8,88,720,8.0,14,10,24,12,2,3,21,0,12.2,9.8,8.0,17.8,126,228,1.75,1.25,3.00,1.50,2.75,1.52,1.00,2.52,1.22,2.23,2021-2022
Villarreal,25,28.0,43.2,12,132,"1,080",12.0,20,16,36,18,2,2,26,2,19.4,18.0,15.3,33.4,184,320,1.67,1.33,3.00,1.50,2.83,1.62,1.28,2.90,1.50,2.78,2021-2022
Wolfsburg,21,26.1,43.2,6,66,540,6.0,5,4,9,5,0,0,25,2,4.8,4.8,3.5,8.3,79,160,0.83,0.67,1.50,0.83,1.50,0.81,0.58,1.39,0.81,1.39,2021-2022
Young Boys,24,25.5,50.0,6,66,540,6.0,7,4,11,7,0,0,11,0,7.4,7.4,5.7,13.0,111,244,1.17,0.67,1.83,1.17,1.83,1.23,0.95,2.17,1.23,2.17,2021-2022
Zenit,21,27.9,45.7,6,66,540,6.0,9,6,15,8,1,2,9,1,9.8,8.3,6.8,15.1,87,225,1.50,1.00,2.50,1.33,2.33,1.64,1.13,2.77,1.38,2.51,2021-2022
Ajax,21,24.7,56.0,6,66,540,6.0,7,5,12,6,1,1,11,1,8.1,7.3,5.7,13.0,112,255,1.17,0.83,2.00,1.00,1.83,1.35,0.95,2.29,1.21,2.16,2020-2021
Atalanta,25,27.5,46.5,8,88,720,8.0,11,10,21,11,0,0,11,1,11.7,11.7,10.0,21.7,141,313,1.37,1.25,2.62,1.37,2.62,1.46,1.25,2.72,1.46,2.72,2020-2021
Atlético Madrid,20,27.0,49.1,8,88,720,8.0,7,6,13,7,0,0,17,1,9.2,9.2,7.8,16.9,157,355,0.87,0.75,1.62,0.87,1.62,1.14,0.97,2.12,1.14,2.12,2020-2021
Barcelona,27,26.0,62.1,8,88,720,8.0,18,12,30,12,6,7,12,1,20.4,15.4,13.6,29.0,224,484,2.25,1.50,3.75,1.50,3.00,2.55,1.70,4.25,1.92,3.62,2020-2021
Başakşehir,21,29.5,42.8,6,66,540,6.0,7,5,12,7,0,0,18,0,5.2,5.2,4.4,9.6,122,195,1.17,0.83,2.00,1.17,2.00,0.87,0.74,1.60,0.87,1.60,2020-2021
Bayern Munich,26,27.0,59.6,10,110,900,10.0,25,18,43,22,3,3,20,1,21.8,19.4,15.2,34.6,271,585,2.50,1.80,4.30,2.20,4.00,2.18,1.52,3.70,1.94,3.46,2020-2021
Chelsea,24,26.2,51.8,13,143,"1,170",13.0,23,16,39,18,5,6,20,0,26.0,21.3,18.8,40.2,254,526,1.77,1.23,3.00,1.38,2.62,2.00,1.45,3.45,1.64,3.09,2020-2021
Club Brugge,22,25.8,50.2,6,66,540,6.0,8,4,12,6,2,2,10,1,8.5,6.9,5.4,12.3,117,250,1.33,0.67,2.00,1.00,1.67,1.42,0.90,2.31,1.15,2.05,2020-2021
Dortmund,26,25.8,49.5,10,110,900,10.0,19,11,30,17,2,2,9,0,14.4,12.8,9.9,22.7,178,463,1.90,1.10,3.00,1.70,2.80,1.44,0.99,2.43,1.28,2.27,2020-2021
Dynamo Kyiv,22,24.4,42.5,6,66,540,6.0,4,1,5,3,1,1,9,1,6.3,5.6,3.8,9.5,92,180,0.67,0.17,0.83,0.50,0.67,1.06,0.64,1.70,0.94,1.58,2020-2021
Ferencváros,20,27.8,44.2,6,66,540,6.0,5,3,8,4,1,1,16,0,5.6,4.8,3.5,8.3,69,181,0.83,0.50,1.33,0.67,1.17,0.93,0.58,1.51,0.80,1.38,2020-2021
Inter,21,28.3,50.3,6,66,540,6.0,7,6,13,7,0,0,22,1,8.3,8.3,5.9,14.2,101,289,1.17,1.00,2.17,1.17,2.17,1.39,0.98,2.37,1.39,2.37,2020-2021
Juventus,22,27.6,55.1,8,88,750,8.3,17,14,31,15,2,2,22,1,15.8,14.3,11.2,25.4,151,437,2.04,1.68,3.72,1.80,3.48,1.90,1.34,3.24,1.71,3.05,2020-2021
Krasnodar,23,27.8,37.5,6,66,540,6.0,6,4,10,5,1,1,10,0,6.4,5.6,3.8,9.4,80,201,1.00,0.67,1.67,0.83,1.50,1.06,0.64,1.70,0.93,1.57,2020-2021
Lazio,25,29.0,44.8,8,88,720,8.0,12,8,20,9,3,3,23,0,13.1,10.7,9.3,20.0,125,268,1.50,1.00,2.50,1.13,2.12,1.63,1.16,2.79,1.34,2.50,2020-2021
Liverpool,29,26.0,52.0,10,110,900,10.0,14,10,24,13,1,1,17,0,14.7,14.0,10.8,24.8,213,439,1.40,1.00,2.40,1.30,2.30,1.47,1.08,2.56,1.40,2.48,2020-2021
Loko Moscow,22,28.5,38.8,6,66,540,6.0,5,3,8,3,2,2,12,0,4.9,3.3,3.0,6.2,78,157,0.83,0.50,1.33,0.50,1.00,0.81,0.49,1.30,0.55,1.04,2020-2021
M'Gladbach,21,27.0,42.0,8,88,720,8.0,15,9,24,13,2,2,12,0,11.6,10.0,7.6,17.6,111,214,1.87,1.13,3.00,1.62,2.75,1.44,0.95,2.39,1.25,2.19,2020-2021
Manchester City,25,26.1,60.2,13,143,"1,170",13.0,24,18,42,22,2,2,18,0,22.5,21.0,16.9,37.9,322,698,1.85,1.38,3.23,1.69,3.08,1.73,1.30,3.03,1.61,2.92,2020-2021
Manchester Utd,23,25.7,51.0,6,66,540,6.0,14,7,21,10,4,4,13,1,11.5,8.3,6.8,15.1,128,235,2.33,1.17,3.50,1.67,2.83,1.91,1.13,3.04,1.38,2.51,2020-2021
Marseille,20,27.5,50.0,6,66,540,6.0,2,0,2,0,2,3,15,1,5.9,3.5,3.2,6.7,79,191,0.33,0.00,0.33,0.00,0.00,0.98,0.53,1.51,0.59,1.12,2020-2021
Midtjylland,22,25.5,42.3,6,66,540,6.0,4,2,6,2,2,2,12,1,7.1,5.5,4.5,10.0,89,174,0.67,0.33,1.00,0.33,0.67,1.18,0.75,1.92,0.91,1.66,2020-2021
Olympiacos,21,28.7,49.0,6,66,540,6.0,2,2,4,2,0,0,11,1,4.1,4.1,3.1,7.2,67,189,0.33,0.33,0.67,0.33,0.67,0.69,0.52,1.20,0.69,1.20,2020-2021
Paris S-G,23,27.3,48.3,12,132,"1,080",12.0,21,16,37,18,3,4,31,4,21.4,18.3,15.1,33.4,215,402,1.75,1.33,3.08,1.50,2.83,1.78,1.26,3.04,1.52,2.78,2020-2021
Porto,26,27.0,39.8,10,110,930,10.3,15,6,21,11,4,4,23,2,12.5,9.4,6.7,16.1,118,251,1.45,0.58,2.03,1.06,1.65,1.21,0.65,1.86,0.91,1.56,2020-2021
RB Leipzig,20,24.8,52.4,8,88,720,8.0,11,10,21,10,1,1,21,0,10.6,9.8,8.8,18.5,102,323,1.37,1.25,2.62,1.25,2.50,1.32,1.10,2.42,1.22,2.32,2020-2021
RB Salzburg,19,24.9,48.8,6,66,540,6.0,9,6,15,9,0,0,11,0,11.2,11.2,8.2,19.4,103,297,1.50,1.00,2.50,1.50,2.50,1.87,1.37,3.24,1.87,3.24,2020-2021
Real Madrid,25,27.9,57.6,12,132,"1,080",12.0,18,13,31,16,2,2,24,0,19.2,17.6,13.2,30.9,281,546,1.50,1.08,2.58,1.33,2.42,1.60,1.10,2.70,1.47,2.57,2020-2021
Rennes,26,25.7,49.5,6,66,540,6.0,3,1,4,1,2,2,17,1,7.6,6.0,4.9,10.9,102,215,0.50,0.17,0.67,0.17,0.33,1.26,0.82,2.08,1.00,1.82,2020-2021
Sevilla,25,27.9,60.3,8,88,720,8.0,13,8,21,12,1,1,20,1,12.1,11.3,8.1,19.4,137,314,1.62,1.00,2.62,1.50,2.50,1.51,1.01,2.52,1.42,2.43,2020-2021
Shakhtar,23,24.7,45.3,6,66,540,6.0,4,3,7,4,0,0,7,0,4.7,4.7,3.9,8.6,86,147,0.67,0.50,1.17,0.67,1.17,0.78,0.65,1.43,0.78,1.43,2020-2021
Zenit,21,27.8,46.2,6,66,540,6.0,3,3,6,3,0,0,13,0,5.6,5.6,5.0,10.5,90,206,0.50,0.50,1.00,0.50,1.00,0.93,0.83,1.75,0.93,1.75,2020-2021
Ajax,19,24.9,54.5,6,66,540,6.0,10,10,20,10,0,0,20,2,7.5,7.5,6.8,14.2,122,273,1.67,1.67,3.33,1.67,3.33,1.24,1.13,2.37,1.24,2.37,2019-2020
Atalanta,23,27.4,48.3,9,99,810,9.0,17,9,26,13,4,5,25,0,17.7,13.7,10.8,24.5,187,333,1.89,1.00,2.89,1.44,2.44,1.96,1.21,3.17,1.52,2.72,2019-2020
Atlético Madrid,21,26.2,45.1,9,99,840,9.3,13,9,22,11,2,3,16,0,15.3,12.9,10.0,22.9,139,385,1.39,0.96,2.36,1.18,2.14,1.63,1.07,2.71,1.38,2.45,2019-2020
Barcelona,24,27.6,57.0,9,99,810,9.0,13,10,23,12,1,1,25,1,14.4,13.6,11.5,25.1,180,407,1.44,1.11,2.56,1.33,2.44,1.60,1.28,2.88,1.51,2.79,2019-2020
Bayern Munich,20,27.0,63.8,11,121,990,11.0,43,37,80,41,2,2,13,0,35.5,34.0,25.3,59.2,315,694,3.91,3.36,7.27,3.73,7.09,3.23,2.30,5.53,3.09,5.38,2019-2020
Benfica,23,24.9,48.5,6,66,540,6.0,9,5,14,8,1,1,8,0,8.1,7.3,6.3,13.6,106,266,1.50,0.83,2.33,1.33,2.17,1.35,1.05,2.39,1.22,2.26,2019-2020
Chelsea,22,25.5,51.4,8,88,720,8.0,12,7,19,10,2,3,14,1,17.5,15.2,12.5,27.8,213,355,1.50,0.87,2.37,1.25,2.12,2.18,1.57,3.75,1.90,3.47,2019-2020
Club Brugge,22,25.4,41.5,6,66,540,6.0,4,3,7,4,0,1,17,3,7.4,6.6,4.6,11.2,96,280,0.67,0.50,1.17,0.67,1.17,1.23,0.76,1.99,1.09,1.86,2019-2020
Dinamo Zagreb,21,25.7,35.2,6,66,540,6.0,10,9,19,9,1,1,16,1,7.5,6.8,6.1,12.9,92,135,1.67,1.50,3.17,1.50,3.00,1.26,1.02,2.27,1.14,2.15,2019-2020
Dortmund,24,25.8,51.8,8,88,720,8.0,10,9,19,10,0,1,14,2,14.4,13.6,10.2,23.8,174,406,1.25,1.13,2.37,1.25,2.37,1.80,1.27,3.08,1.71,2.98,2019-2020
Galatasaray,20,29.7,46.7,6,66,540,6.0,1,1,2,1,0,0,21,0,4.2,4.2,3.4,7.6,94,170,0.17,0.17,0.33,0.17,0.33,0.70,0.57,1.27,0.70,1.27,2019-2020
Genk,20,23.5,40.3,6,66,540,6.0,5,4,9,5,0,0,10,0,6.9,6.9,5.4,12.3,95,202,0.83,0.67,1.50,0.83,1.50,1.15,0.91,2.05,1.15,2.05,2019-2020
Inter,20,27.9,41.5,6,66,540,6.0,10,9,19,10,0,1,17,0,10.0,9.3,8.0,17.2,94,173,1.67,1.50,3.17,1.67,3.17,1.67,1.33,3.00,1.54,2.87,2019-2020
Juventus,23,28.7,59.4,8,88,720,8.0,14,10,24,13,1,1,10,0,12.0,11.3,7.9,19.2,196,377,1.75,1.25,3.00,1.62,2.87,1.50,0.99,2.49,1.41,2.40,2019-2020
Leverkusen,20,26.7,58.8,6,66,540,6.0,2,2,4,2,0,0,7,1,6.7,6.7,6.0,12.7,140,266,0.33,0.33,0.67,0.33,0.67,1.12,1.00,2.12,1.12,2.12,2019-2020
Lille,21,23.9,42.7,6,66,540,6.0,4,4,8,4,0,0,14,0,8.8,8.8,8.0,16.8,116,211,0.67,0.67,1.33,0.67,1.33,1.46,1.34,2.80,1.46,2.80,2019-2020
Liverpool,20,27.0,66.6,8,88,750,8.3,15,11,26,15,0,0,9,0,16.2,16.2,12.0,28.2,214,564,1.80,1.32,3.12,1.80,3.12,1.94,1.44,3.38,1.94,3.38,2019-2020
Loko Moscow,20,28.6,32.3,6,66,540,6.0,4,2,6,4,0,0,12,0,6.0,6.0,3.2,9.3,63,140,0.67,0.33,1.00,0.67,1.00,1.01,0.54,1.55,1.01,1.55,2019-2020
Lyon,24,25.0,44.9,10,110,900,10.0,14,9,23,12,2,2,22,0,12.7,11.1,7.8,18.9,217,354,1.40,0.90,2.30,1.20,2.10,1.27,0.78,2.05,1.11,1.89,2019-2020
Manchester City,23,26.9,62.4,9,99,810,9.0,21,18,39,19,2,3,15,2,25.1,22.7,20.0,42.8,270,486,2.33,2.00,4.33,2.11,4.11,2.78,2.22,5.01,2.53,4.75,2019-2020
Napoli,24,27.1,47.5,8,88,720,8.0,13,6,19,9,4,4,14,0,14.9,11.8,8.3,20.1,147,316,1.62,0.75,2.37,1.13,1.87,1.86,1.04,2.90,1.47,2.51,2019-2020
Olympiacos,17,26.2,45.0,6,66,540,6.0,8,5,13,6,2,2,14,1,7.9,6.3,5.0,11.3,94,188,1.33,0.83,2.17,1.00,1.83,1.31,0.83,2.15,1.05,1.88,2019-2020
Paris S-G,24,27.4,53.2,11,121,990,11.0,25,20,45,24,1,1,29,0,26.2,25.4,21.3,46.8,204,443,2.27,1.82,4.09,2.18,4.00,2.39,1.94,4.33,2.31,4.25,2019-2020
RB Leipzig,25,24.2,57.1,10,110,900,10.0,16,10,26,12,4,4,20,0,18.0,14.8,9.9,24.7,233,563,1.60,1.00,2.60,1.20,2.20,1.80,0.99,2.79,1.48,2.47,2019-2020
RB Salzburg,21,24.1,44.8,6,66,540,6.0,16,13,29,14,2,2,8,0,13.7,12.1,10.4,22.5,102,260,2.67,2.17,4.83,2.33,4.50,2.28,1.74,4.02,2.02,3.76,2019-2020
Real Madrid,25,27.3,54.8,8,88,720,8.0,16,14,30,15,1,1,13,1,16.6,15.8,13.5,29.3,195,410,2.00,1.75,3.75,1.87,3.62,2.07,1.68,3.75,1.98,3.66,2019-2020
Red Star,19,27.5,36.5,6,66,540,6.0,3,2,5,3,0,1,14,0,4.0,3.2,2.2,5.4,82,168,0.50,0.33,0.83,0.50,0.83,0.67,0.36,1.03,0.54,0.90,2019-2020
Shakhtar,18,28.4,49.8,6,66,540,6.0,8,6,14,7,1,1,11,2,8.3,7.5,6.5,14.0,139,179,1.33,1.00,2.33,1.17,2.17,1.38,1.08,2.46,1.25,2.33,2019-2020
Slavia Prague,20,26.9,48.7,6,66,540,6.0,4,3,7,3,1,1,16,0,9.4,8.6,6.5,15.1,104,272,0.67,0.50,1.17,0.50,1.00,1.57,1.08,2.64,1.44,2.51,2019-2020
Tottenham,28,26.2,50.0,8,88,720,8.0,18,15,33,16,2,2,14,0,14.5,13.0,11.6,24.6,158,298,2.25,1.87,4.12,2.00,3.87,1.82,1.45,3.27,1.62,3.07,2019-2020
Valencia,23,27.2,48.5,8,88,720,8.0,12,9,21,11,1,3,19,2,14.7,12.3,10.8,23.1,122,306,1.50,1.13,2.62,1.37,2.50,1.84,1.35,3.18,1.54,2.89,2019-2020
Zenit,19,28.1,39.5,6,66,540,6.0,6,5,11,6,0,0,17,1,6.1,6.1,5.5,11.7,81,175,1.00,0.83,1.83,1.00,1.83,1.02,0.92,1.95,1.02,1.95,2019-2020
AEK Athens,20,26.0,40.8,6,66,540,6.0,2,2,4,2,0,0,13,2,4.7,4.7,4.3,9.0,79,142,0.33,0.33,0.67,0.33,0.67,0.78,0.71,1.49,0.78,1.49,2018-2019
Ajax,22,24.3,52.9,12,132,"1,080",12.0,22,17,39,20,2,2,28,1,22.3,20.7,17.6,38.3,236,504,1.83,1.42,3.25,1.67,3.08,1.86,1.46,3.32,1.73,3.19,2018-2019
Atlético Madrid,21,26.4,48.9,8,88,720,8.0,11,8,19,11,0,0,23,1,8.1,8.1,6.5,14.6,151,328,1.37,1.00,2.37,1.37,2.37,1.01,0.82,1.83,1.01,1.83,2018-2019
Barcelona,23,27.7,61.4,12,132,"1,080",12.0,25,18,43,24,1,1,20,1,23.1,22.3,17.9,40.2,260,561,2.08,1.50,3.58,2.00,3.50,1.92,1.49,3.41,1.86,3.35,2018-2019
Bayern Munich,20,28.3,56.9,8,88,720,8.0,15,9,24,13,2,2,12,1,14.7,13.2,11.1,24.3,204,371,1.87,1.13,3.00,1.62,2.75,1.84,1.38,3.23,1.65,3.03,2018-2019
Benfica,20,25.5,44.3,6,66,540,6.0,6,3,9,6,0,0,14,1,6.2,6.2,4.7,10.9,106,209,1.00,0.50,1.50,1.00,1.50,1.03,0.79,1.82,1.03,1.82,2018-2019
Club Brugge,25,24.9,40.2,6,66,540,6.0,6,3,9,5,1,1,8,0,5.4,4.7,3.3,7.9,100,223,1.00,0.50,1.50,0.83,1.33,0.90,0.55,1.45,0.78,1.32,2018-2019
CSKA Moscow,22,23.9,44.7,6,66,540,6.0,8,5,13,6,2,2,14,2,6.9,5.3,4.4,9.7,109,218,1.33,0.83,2.17,1.00,1.83,1.15,0.73,1.88,0.88,1.62,2018-2019
Dortmund,24,25.0,60.6,8,88,720,8.0,10,8,18,10,0,1,11,0,12.2,11.5,10.6,22.0,170,446,1.25,1.00,2.25,1.25,2.25,1.53,1.32,2.85,1.43,2.75,2018-2019
Galatasaray,21,28.4,53.5,6,66,540,6.0,5,2,7,3,2,3,14,1,9.9,7.5,6.8,14.3,100,212,0.83,0.33,1.17,0.50,0.83,1.65,1.14,2.78,1.25,2.39,2018-2019
Hoffenheim,25,25.6,45.0,6,66,540,6.0,11,7,18,10,1,1,13,2,11.1,10.3,8.5,18.8,139,260,1.83,1.17,3.00,1.67,2.83,1.85,1.41,3.26,1.72,3.13,2018-2019
Inter,17,28.1,47.7,6,66,540,6.0,6,4,10,6,0,0,15,0,8.6,8.6,7.4,15.9,129,243,1.00,0.67,1.67,1.00,1.67,1.43,1.23,2.66,1.43,2.66,2018-2019
Juventus,22,28.4,55.2,10,110,900,10.0,14,11,25,11,3,3,16,1,18.9,16.7,13.4,30.1,227,460,1.40,1.10,2.50,1.10,2.20,1.89,1.34,3.24,1.67,3.01,2018-2019
Liverpool,20,26.1,51.6,13,143,"1,170",13.0,24,17,41,20,4,5,21,0,28.3,24.2,19.8,44.0,269,631,1.85,1.31,3.15,1.54,2.85,2.17,1.52,3.70,1.86,3.38,2018-2019
Loko Moscow,19,29.0,45.8,6,66,540,6.0,3,2,5,3,0,1,16,1,6.6,5.8,4.6,10.5,103,207,0.50,0.33,0.83,0.50,0.83,1.11,0.77,1.88,0.97,1.74,2018-2019
Lyon,21,24.4,43.6,8,88,720,8.0,13,9,22,13,0,0,13,0,12.3,12.3,10.2,22.4,157,290,1.62,1.13,2.75,1.62,2.75,1.53,1.27,2.80,1.53,2.80,2018-2019
Manchester City,21,26.7,63.0,10,110,900,10.0,30,20,50,27,3,4,16,1,22.9,19.8,16.8,36.6,312,582,3.00,2.00,5.00,2.70,4.70,2.29,1.68,3.97,1.98,3.66,2018-2019
Manchester Utd,26,26.2,45.6,10,110,900,10.0,9,5,14,7,2,2,20,1,10.4,8.9,6.2,15.1,205,397,0.90,0.50,1.40,0.70,1.20,1.04,0.62,1.66,0.89,1.51,2018-2019
Monaco,29,25.0,45.0,6,66,540,6.0,2,1,3,2,0,1,13,0,5.1,4.3,3.2,7.5,135,241,0.33,0.17,0.50,0.33,0.50,0.84,0.54,1.38,0.72,1.26,2018-2019
Napoli,18,28.2,56.3,6,66,540,6.0,7,5,12,6,1,1,13,0,10.9,10.1,7.7,17.8,97,312,1.17,0.83,2.00,1.00,1.83,1.81,1.28,3.09,1.68,2.96,2018-2019
Paris S-G,20,27.0,58.5,8,88,720,8.0,19,14,33,19,0,0,18,0,16.9,16.9,15.2,32.1,212,340,2.37,1.75,4.12,2.37,4.12,2.11,1.90,4.01,2.11,4.01,2018-2019
Porto,25,27.9,53.0,10,110,930,10.3,20,15,35,16,4,5,20,0,16.9,13.0,11.1,24.0,191,379,1.94,1.45,3.39,1.55,3.00,1.64,1.07,2.71,1.25,2.32,2018-2019
PSV Eindhoven,18,24.4,31.8,6,66,540,6.0,6,5,11,6,0,0,14,0,7.1,7.1,5.5,12.6,85,143,1.00,0.83,1.83,1.00,1.83,1.19,0.92,2.11,1.19,2.11,2018-2019
Real Madrid,24,27.0,62.1,8,88,720,8.0,15,12,27,15,0,0,13,1,16.9,16.9,15.3,32.1,257,536,1.87,1.50,3.38,1.87,3.38,2.11,1.91,4.02,2.11,4.02,2018-2019
Red Star,20,26.8,30.5,6,66,540,6.0,5,3,8,5,0,0,17,0,2.9,2.9,2.4,5.2,63,118,0.83,0.50,1.33,0.83,1.33,0.48,0.40,0.87,0.48,0.87,2018-2019
Roma,24,27.4,49.3,8,88,750,8.3,14,12,26,13,1,1,12,1,15.0,14.2,11.6,25.8,153,399,1.68,1.44,3.12,1.56,3.00,1.79,1.39,3.19,1.70,3.09,2018-2019
Schalke 04,27,26.2,42.3,8,88,720,8.0,8,4,12,5,3,3,16,0,10.5,8.2,5.7,13.9,147,241,1.00,0.50,1.50,0.62,1.13,1.31,0.71,2.02,1.02,1.73,2018-2019
Shakhtar,20,27.5,49.2,6,66,540,6.0,8,8,16,8,0,0,10,0,6.9,6.9,6.2,13.1,135,214,1.33,1.33,2.67,1.33,2.67,1.15,1.04,2.19,1.15,2.19,2018-2019
Tottenham,24,27.0,52.5,13,143,"1,170",13.0,20,17,37,20,0,0,23,1,20.5,20.5,16.9,37.4,275,564,1.54,1.31,2.85,1.54,2.85,1.58,1.30,2.88,1.58,2.88,2018-2019
Valencia,22,25.9,50.3,6,66,540,6.0,5,2,7,5,0,1,20,0,6.9,6.1,4.6,10.7,126,271,0.83,0.33,1.17,0.83,1.17,1.15,0.77,1.92,1.02,1.79,2018-2019
Viktoria Plzeň,21,29.6,38.8,6,66,540,6.0,7,6,13,7,0,1,10,0,7.8,6.9,5.8,12.6,93,205,1.17,1.00,2.17,1.17,2.17,1.30,0.96,2.26,1.15,2.11,2018-2019
Young Boys,20,26.1,41.3,6,66,540,6.0,4,1,5,2,2,2,15,2,6.5,5.0,4.2,9.2,109,180,0.67,0.17,0.83,0.33,0.50,1.09,0.70,1.79,0.83,1.53,2018-2019
Anderlecht,20,26.1,42.5,6,66,540,6.0,1,1,2,1,0,0,,,5.4,5.4,4.2,9.6,88,244,0.17,0.17,0.33,0.17,0.33,0.89,0.70,1.60,0.89,1.60,2017-2018
APOEL FC,21,29.7,31.7,6,66,540,6.0,2,1,3,2,0,0,,,3.9,3.9,2.9,6.8,63,126,0.33,0.17,0.50,0.33,0.50,0.65,0.48,1.13,0.65,1.13,2017-2018
Atlético Madrid,20,27.0,51.8,6,66,540,6.0,5,4,9,4,1,1,,,11.3,10.5,8.2,18.7,158,295,0.83,0.67,1.50,0.67,1.33,1.88,1.36,3.24,1.76,3.11,2017-2018
Barcelona,22,27.8,64.2,10,110,900,10.0,12,11,23,12,0,0,,,13.7,13.7,9.1,22.8,198,512,1.20,1.10,2.30,1.20,2.30,1.37,0.91,2.28,1.37,2.28,2017-2018
Basel,21,25.4,35.9,8,88,720,8.0,13,6,19,12,1,1,,,10.4,9.6,6.6,16.2,126,198,1.62,0.75,2.37,1.50,2.25,1.30,0.82,2.12,1.20,2.02,2017-2018
Bayern Munich,22,27.5,58.8,12,132,"1,080",12.0,24,17,41,23,1,1,,,27.4,26.6,20.7,47.3,329,728,2.00,1.42,3.42,1.92,3.33,2.29,1.72,4.01,2.22,3.94,2017-2018
Benfica,25,26.8,56.8,6,66,540,6.0,1,1,2,1,0,0,,,6.2,6.2,4.9,11.1,137,250,0.17,0.17,0.33,0.17,0.33,1.04,0.81,1.85,1.04,1.85,2017-2018
Beşiktaş,23,30.2,47.8,8,88,720,8.0,12,8,20,10,2,2,,,8.6,7.0,6.1,13.1,135,262,1.50,1.00,2.50,1.25,2.25,1.08,0.76,1.84,0.88,1.64,2017-2018
Celtic,20,26.1,43.0,6,66,540,6.0,5,4,9,5,0,0,,,4.7,4.7,4.4,9.1,112,159,0.83,0.67,1.50,0.83,1.50,0.79,0.73,1.52,0.79,1.52,2017-2018
Chelsea,19,26.9,45.9,8,88,720,8.0,15,9,24,13,2,2,,,15.5,13.9,12.1,26.1,178,343,1.87,1.13,3.00,1.62,2.75,1.94,1.52,3.45,1.74,3.26,2017-2018
CSKA Moscow,20,28.1,43.5,6,66,540,6.0,7,4,11,6,1,1,,,5.7,5.1,3.3,8.4,101,201,1.17,0.67,1.83,1.00,1.67,0.96,0.55,1.51,0.85,1.40,2017-2018
Dortmund,22,26.2,58.3,6,66,540,6.0,7,6,13,7,0,0,,,9.6,9.6,7.7,17.3,133,316,1.17,1.00,2.17,1.17,2.17,1.60,1.29,2.88,1.60,2.88,2017-2018
Feyenoord,23,25.1,39.0,6,66,540,6.0,5,4,9,5,0,1,,,5.4,4.6,3.4,8.0,81,140,0.83,0.67,1.50,0.83,1.50,0.90,0.57,1.46,0.76,1.33,2017-2018
Juventus,23,29.5,49.4,10,110,900,10.0,14,9,23,13,1,2,,,16.9,15.3,11.5,26.8,191,400,1.40,0.90,2.30,1.30,2.20,1.69,1.15,2.84,1.53,2.68,2017-2018
Liverpool,24,25.6,50.0,13,143,"1,170",13.0,41,35,76,40,1,3,,,33.0,30.6,25.4,56.0,280,612,3.15,2.69,5.85,3.08,5.77,2.53,1.96,4.49,2.35,4.31,2017-2018
Manchester City,25,25.9,65.8,10,110,900,10.0,20,16,36,19,1,2,,,15.7,14.2,12.0,26.2,296,568,2.00,1.60,3.60,1.90,3.50,1.57,1.20,2.77,1.42,2.62,2017-2018
Manchester Utd,25,26.5,56.9,8,88,720,8.0,12,7,19,10,2,3,,,18.0,15.6,12.0,27.6,190,346,1.50,0.87,2.37,1.25,2.12,2.25,1.50,3.75,1.95,3.45,2017-2018
Monaco,23,26.0,47.2,6,66,540,6.0,6,4,10,5,1,1,,,5.9,5.2,4.4,9.5,89,277,1.00,0.67,1.67,0.83,1.50,0.99,0.73,1.71,0.86,1.59,2017-2018
Napoli,20,27.9,54.7,6,66,540,6.0,11,6,17,8,3,4,,,10.1,6.9,4.4,11.3,129,318,1.83,1.00,2.83,1.33,2.33,1.68,0.73,2.41,1.16,1.89,2017-2018
NK Maribor,17,28.5,33.8,6,66,540,6.0,3,3,6,3,0,0,,,4.1,4.1,3.9,8.0,94,150,0.50,0.50,1.00,0.50,1.00,0.69,0.65,1.34,0.69,1.34,2017-2018
Olympiacos,22,26.9,36.8,6,66,540,6.0,4,3,7,4,0,0,,,3.4,3.4,2.9,6.3,85,168,0.67,0.50,1.17,0.67,1.17,0.57,0.48,1.05,0.57,1.05,2017-2018
Paris S-G,19,26.2,53.3,8,88,720,8.0,26,18,44,25,1,1,,,17.2,16.4,11.8,28.3,210,366,3.25,2.25,5.50,3.12,5.37,2.15,1.48,3.63,2.06,3.53,2017-2018
Porto,25,26.6,45.1,8,88,720,8.0,14,13,27,14,0,0,,,10.9,10.9,8.0,19.0,159,277,1.75,1.62,3.38,1.75,3.38,1.37,1.01,2.37,1.37,2.37,2017-2018
Qarabağ FK,20,28.4,44.0,6,66,540,6.0,2,2,4,2,0,0,,,2.4,2.4,1.7,4.2,97,147,0.33,0.33,0.67,0.33,0.67,0.40,0.29,0.70,0.40,0.70,2017-2018
RB Leipzig,19,23.9,55.8,6,66,540,6.0,9,5,14,8,1,1,,,9.6,8.8,7.1,16.0,162,269,1.50,0.83,2.33,1.33,2.17,1.60,1.19,2.79,1.47,2.66,2017-2018
Real Madrid,23,27.8,57.4,13,143,"1,170",13.0,33,19,52,29,4,4,,,33.0,29.9,23.7,53.6,365,733,2.54,1.46,4.00,2.23,3.69,2.54,1.82,4.36,2.30,4.12,2017-2018
Roma,20,28.0,50.9,12,132,"1,080",12.0,20,15,35,17,3,3,,,19.1,16.7,14.4,31.1,273,560,1.67,1.25,2.92,1.42,2.67,1.59,1.20,2.78,1.39,2.59,2017-2018
Sevilla,22,27.2,57.8,10,110,900,10.0,15,11,26,13,2,2,,,16.1,14.5,13.0,27.6,225,601,1.50,1.10,2.60,1.30,2.40,1.61,1.30,2.91,1.45,2.76,2017-2018
Shakhtar,20,27.6,47.5,8,88,720,8.0,11,7,18,11,0,0,,,9.9,9.9,8.1,18.0,198,233,1.37,0.87,2.25,1.37,2.25,1.24,1.02,2.25,1.24,2.25,2017-2018
Spartak Moscow,20,27.9,46.2,6,66,540,6.0,9,7,16,9,0,0,,,6.8,6.8,5.7,12.5,96,264,1.50,1.17,2.67,1.50,2.67,1.14,0.95,2.09,1.14,2.09,2017-2018
Sporting CP,21,26.6,41.3,6,66,540,6.0,7,7,14,7,0,0,,,7.3,7.3,5.2,12.5,103,190,1.17,1.17,2.33,1.17,2.33,1.22,0.86,2.08,1.22,2.08,2017-2018
Tottenham,26,25.6,49.9,8,88,720,8.0,17,15,32,17,0,0,,,13.1,13.1,11.5,24.6,153,348,2.12,1.87,4.00,2.12,4.00,1.63,1.44,3.07,1.63,3.07,2017-2018
Arsenal,21,26.3,48.5,8,88,720,8.0,19,13,32,18,1,2,0,1,2.37,1.62,4.00,2.25,3.87,2016-2017,,,,,,,,,,,
Atlético Madrid,20,26.6,48.3,12,132,"1,080",12.0,15,9,24,12,3,4,0,0,1.25,0.75,2.00,1.00,1.75,2016-2017,,,,,,,,,,,
Barcelona,23,27.0,64.8,10,110,900,10.0,25,17,42,22,3,4,0,1,2.50,1.70,4.20,2.20,3.90,2016-2017,,,,,,,,,,,
Basel,18,27.0,41.8,6,66,540,6.0,3,2,5,3,0,0,0,1,0.50,0.33,0.83,0.50,0.83,2016-2017,,,,,,,,,,,
Bayern Munich,21,28.3,66.7,10,110,930,10.3,26,13,39,22,4,5,0,2,2.52,1.26,3.77,2.13,3.39,2016-2017,,,,,,,,,,,
Benfica,25,25.5,44.3,8,88,720,8.0,11,6,17,9,2,2,0,0,1.37,0.75,2.12,1.13,1.87,2016-2017,,,,,,,,,,,
Beşiktaş,21,29.2,48.5,6,66,540,6.0,9,3,12,7,2,2,0,1,1.50,0.50,2.00,1.17,1.67,2016-2017,,,,,,,,,,,
Celtic,22,26.5,42.3,6,66,540,6.0,4,2,6,3,1,2,0,0,0.67,0.33,1.00,0.50,0.83,2016-2017,,,,,,,,,,,
Club Brugge,21,26.8,48.3,6,66,540,6.0,2,2,4,2,0,0,0,0,0.33,0.33,0.67,0.33,0.67,2016-2017,,,,,,,,,,,
CSKA Moscow,19,27.9,39.0,6,66,540,6.0,5,4,9,4,1,1,0,0,0.83,0.67,1.50,0.67,1.33,2016-2017,,,,,,,,,,,
Dinamo Zagreb,24,24.4,31.3,6,66,540,6.0,0,0,0,0,0,0,0,1,0.00,0.00,0.00,0.00,0.00,2016-2017,,,,,,,,,,,
Dortmund,25,25.1,62.4,10,110,900,10.0,27,21,48,26,1,2,0,0,2.70,2.10,4.80,2.60,4.70,2016-2017,,,,,,,,,,,
Dynamo Kyiv,24,26.1,50.3,6,66,540,6.0,8,5,13,7,1,2,0,1,1.33,0.83,2.17,1.17,2.00,2016-2017,,,,,,,,,,,
FC Copenhagen,19,25.5,53.7,6,66,540,6.0,5,5,10,5,0,1,0,1,0.83,0.83,1.67,0.83,1.67,2016-2017,,,,,,,,,,,
Juventus,25,29.9,55.3,13,144,"1,170",13.0,21,10,31,18,3,3,0,2,1.62,0.77,2.38,1.38,2.15,2016-2017,,,,,,,,,,,
Legia Warsaw,22,28.0,37.0,6,66,540,6.0,9,8,17,8,1,1,0,1,1.50,1.33,2.83,1.33,2.67,2016-2017,,,,,,,,,,,
Leicester City,26,28.0,39.5,10,110,900,10.0,11,5,16,9,2,2,0,0,1.10,0.50,1.60,0.90,1.40,2016-2017,,,,,,,,,,,
Leverkusen,26,24.6,50.5,8,88,720,8.0,8,5,13,8,0,1,0,0,1.00,0.62,1.62,1.00,1.62,2016-2017,,,,,,,,,,,
Ludogorets,19,28.5,44.2,6,66,540,6.0,6,4,10,6,0,1,0,0,1.00,0.67,1.67,1.00,1.67,2016-2017,,,,,,,,,,,
Lyon,21,25.3,51.5,6,66,540,6.0,5,5,10,5,0,1,0,0,0.83,0.83,1.67,0.83,1.67,2016-2017,,,,,,,,,,,
M'Gladbach,19,25.5,39.0,6,66,540,6.0,5,4,9,5,0,0,0,1,0.83,0.67,1.50,0.83,1.50,2016-2017,,,,,,,,,,,
Manchester City,22,28.1,56.5,8,88,720,8.0,18,14,32,17,1,1,0,1,2.25,1.75,4.00,2.12,3.87,2016-2017,,,,,,,,,,,
Monaco,23,25.3,44.6,12,132,"1,080",12.0,21,14,35,21,0,3,0,1,1.75,1.17,2.92,1.75,2.92,2016-2017,,,,,,,,,,,
Napoli,21,26.7,54.4,8,88,720,8.0,13,9,22,11,2,3,0,0,1.62,1.13,2.75,1.37,2.50,2016-2017,,,,,,,,,,,
Paris S-G,24,26.6,54.8,8,88,720,8.0,17,14,31,16,1,1,0,1,2.12,1.75,3.87,2.00,3.75,2016-2017,,,,,,,,,,,
Porto,23,26.0,49.5,8,88,720,8.0,9,7,16,7,2,2,0,1,1.13,0.87,2.00,0.87,1.75,2016-2017,,,,,,,,,,,
PSV Eindhoven,20,24.9,43.7,6,66,540,6.0,4,2,6,4,0,2,0,0,0.67,0.33,1.00,0.67,1.00,2016-2017,,,,,,,,,,,
Real Madrid,23,27.4,53.7,13,143,"1,200",13.3,34,30,64,34,0,0,0,0,2.55,2.25,4.80,2.55,4.80,2016-2017,,,,,,,,,,,
Rostov,18,29.0,32.5,6,66,540,6.0,6,4,10,5,1,1,0,0,1.00,0.67,1.67,0.83,1.50,2016-2017,,,,,,,,,,,
Sevilla,22,27.4,60.5,8,88,720,8.0,9,8,17,9,0,3,0,2,1.13,1.00,2.12,1.13,2.12,2016-2017,,,,,,,,,,,
Sporting CP,21,26.2,48.7,6,66,540,6.0,5,2,7,4,1,1,0,1,0.83,0.33,1.17,0.67,1.00,2016-2017,,,,,,,,,,,
Tottenham,21,24.9,63.5,6,66,540,6.0,5,5,10,4,1,1,0,0,0.83,0.83,1.67,0.67,1.50,2016-2017,,,,,,,,,,,
Arsenal,24,27.2,45.4,8,88,720,8.0,13,12,25,12,1,1,,,1.62,1.50,3.12,1.50,3.00,2015-2016,,,,,,,,,,,
Atlético Madrid,23,26.3,46.3,13,143,"1,230",13.7,16,13,29,15,1,1,,,1.17,0.95,2.12,1.10,2.05,2015-2016,,,,,,,,,,,
Barcelona,25,27.1,65.3,10,112,900,10.0,22,17,39,20,2,2,,,2.20,1.70,3.90,2.00,3.70,2015-2016,,,,,,,,,,,
BATE Borisov,20,26.2,38.5,12,66,540,6.0,5,5,10,5,0,0,,,0.83,0.83,1.67,0.83,1.67,2015-2016,,,,,,,,,,,
Bayern Munich,23,26.8,67.4,12,132,"1,110",12.3,30,21,51,29,1,0,,,2.43,1.70,4.14,2.35,4.05,2015-2016,,,,,,,,,,,
Benfica,25,26.6,49.8,10,110,900,10.0,15,12,27,15,0,0,,,1.50,1.20,2.70,1.50,2.70,2015-2016,,,,,,,,,,,
Chelsea,21,26.6,49.5,8,88,720,8.0,13,7,20,12,1,2,,,1.62,0.87,2.50,1.50,2.37,2015-2016,,,,,,,,,,,
CSKA Moscow,19,28.0,39.2,10,66,540,6.0,5,3,8,2,3,4,,,0.83,0.50,1.33,0.33,0.83,2015-2016,,,,,,,,,,,
Dinamo Zagreb,20,26.3,41.8,12,66,540,6.0,3,2,5,3,0,0,,,0.50,0.33,0.83,0.50,0.83,2015-2016,,,,,,,,,,,
Dynamo Kyiv,21,27.2,52.3,8,88,720,8.0,9,4,13,8,1,1,,,1.13,0.50,1.62,1.00,1.50,2015-2016,,,,,,,,,,,
FC Astana,21,26.9,43.0,12,66,540,6.0,3,3,6,3,0,0,,,0.50,0.50,1.00,0.50,1.00,2015-2016,,,,,,,,,,,
Galatasaray,19,29.2,49.5,6,66,540,6.0,5,4,9,4,1,1,,,0.83,0.67,1.50,0.67,1.33,2015-2016,,,,,,,,,,,
Gent,18,25.9,52.0,8,88,720,8.0,10,7,17,9,1,1,,,1.25,0.87,2.12,1.13,2.00,2015-2016,,,,,,,,,,,
Juventus,20,28.7,43.0,8,88,750,8.3,10,7,17,10,0,0,,,1.20,0.84,2.04,1.20,2.04,2015-2016,,,,,,,,,,,
Leverkusen,18,24.1,52.7,8,66,540,6.0,13,9,22,11,2,2,,,2.17,1.50,3.67,1.83,3.33,2015-2016,,,,,,,,,,,
Lyon,21,25.9,51.5,6,66,540,6.0,5,5,10,5,0,1,,,0.83,0.83,1.67,0.83,1.67,2015-2016,,,,,,,,,,,
M'Gladbach,21,25.4,48.3,6,66,540,6.0,8,8,16,8,0,1,,,1.33,1.33,2.67,1.33,2.67,2015-2016,,,,,,,,,,,
Maccabi Tel Aviv,20,26.8,43.0,12,66,540,6.0,1,0,1,0,1,1,,,0.17,0.00,0.17,0.00,0.00,2015-2016,,,,,,,,,,,
Malmö,19,26.8,34.8,12,66,540,6.0,1,1,2,1,0,2,,,0.17,0.17,0.33,0.17,0.33,2015-2016,,,,,,,,,,,
Manchester City,22,28.4,47.8,12,132,"1,080",12.0,16,13,29,15,1,1,,,1.33,1.08,2.42,1.25,2.33,2015-2016,,,,,,,,,,,
Manchester Utd,23,25.6,60.5,8,66,540,6.0,6,5,11,5,1,1,,,1.00,0.83,1.83,0.83,1.67,2015-2016,,,,,,,,,,,
Olympiacos,18,25.9,42.8,6,66,540,6.0,5,5,10,5,0,1,,,0.83,0.83,1.67,0.83,1.67,2015-2016,,,,,,,,,,,
Paris S-G,21,27.9,59.8,10,110,900,10.0,17,15,32,17,0,1,,,1.70,1.50,3.20,1.70,3.20,2015-2016,,,,,,,,,,,
Porto,18,25.9,52.7,6,66,540,6.0,9,7,16,9,0,0,,,1.50,1.17,2.67,1.50,2.67,2015-2016,,,,,,,,,,,
PSV Eindhoven,22,24.1,48.5,8,88,750,8.3,8,8,16,8,0,1,,,0.96,0.96,1.92,0.96,1.92,2015-2016,,,,,,,,,,,
Real Madrid,22,26.7,53.9,13,143,"1,200",13.3,27,17,44,25,2,0,,,2.03,1.27,3.30,1.87,3.15,2015-2016,,,,,,,,,,,
Roma,24,26.0,43.8,8,88,720,8.0,11,8,19,10,1,2,,,1.37,1.00,2.37,1.25,2.25,2015-2016,,,,,,,,,,,
Sevilla,19,27.0,53.5,6,66,540,6.0,8,4,12,5,3,4,,,1.33,0.67,2.00,0.83,1.50,2015-2016,,,,,,,,,,,
Shakhtar,22,27.5,55.2,10,66,540,6.0,7,4,11,5,2,2,,,1.17,0.67,1.83,0.83,1.50,2015-2016,,,,,,,,,,,
Valencia,22,24.6,51.7,8,66,540,6.0,3,2,5,3,0,0,,,0.50,0.33,0.83,0.50,0.83,2015-2016,,,,,,,,,,,
Wolfsburg,22,27.0,48.3,10,110,900,10.0,14,10,24,13,1,1,,,1.40,1.00,2.40,1.30,2.30,2015-2016,,,,,,,,,,,
Zenit,24,28.4,45.6,8,88,720,8.0,14,13,27,14,0,0,,,1.75,1.62,3.38,1.75,3.38,2015-2016,,,,,,,,,,,
Ajax,19,23.6,54.2,6,66,540,6.0,8,6,14,7,1,1,0,0,1.33,1.00,2.33,1.17,2.17,2014-2015,,,,,,,,,,,
Anderlecht,21,23.7,44.3,6,66,540,6.0,8,4,12,7,1,1,0,0,1.33,0.67,2.00,1.17,1.83,2014-2015,,,,,,,,,,,
APOEL FC,21,28.9,32.7,10,66,540,6.0,1,0,1,0,1,1,0,0,0.17,0.00,0.17,0.00,0.00,2014-2015,,,,,,,,,,,
Arsenal,29,25.4,54.3,10,88,720,8.0,18,9,27,17,1,1,0,0,2.25,1.13,3.38,2.12,3.25,2014-2015,,,,,,,,,,,
Athletic Club,20,26.9,48.2,8,66,540,6.0,5,5,10,5,0,0,0,0,0.83,0.83,1.67,0.83,1.67,2014-2015,,,,,,,,,,,
Atlético Madrid,23,27.4,44.7,10,110,930,10.3,15,10,25,15,0,0,0,0,1.45,0.97,2.42,1.45,2.42,2014-2015,,,,,,,,,,,
Barcelona,22,26.8,60.2,13,143,"1,170",13.0,31,26,57,31,0,1,0,0,2.38,2.00,4.38,2.38,4.38,2014-2015,,,,,,,,,,,
Basel,23,25.1,45.9,8,88,720,8.0,8,6,14,8,0,0,0,0,1.00,0.75,1.75,1.00,1.75,2014-2015,,,,,,,,,,,
BATE Borisov,20,25.3,38.3,12,66,540,6.0,2,1,3,2,0,0,0,0,0.33,0.17,0.50,0.33,0.50,2014-2015,,,,,,,,,,,
Bayern Munich,24,26.7,60.3,12,132,"1,080",12.0,33,23,56,29,4,4,0,0,2.75,1.92,4.67,2.42,4.33,2014-2015,,,,,,,,,,,
Benfica,24,27.5,50.3,6,66,540,6.0,2,2,4,2,0,0,0,0,0.33,0.33,0.67,0.33,0.67,2014-2015,,,,,,,,,,,
Chelsea,24,27.1,53.8,8,88,750,8.3,18,12,30,14,4,5,0,0,2.16,1.44,3.60,1.68,3.12,2014-2015,,,,,,,,,,,
CSKA Moscow,18,27.0,36.7,6,66,540,6.0,6,4,10,5,1,1,0,0,1.00,0.67,1.67,0.83,1.50,2014-2015,,,,,,,,,,,
Dortmund,24,26.5,51.9,8,88,720,8.0,14,12,26,14,0,0,0,0,1.75,1.50,3.25,1.75,3.25,2014-2015,,,,,,,,,,,
Galatasaray,22,27.7,51.5,6,66,540,6.0,4,2,6,3,1,1,0,0,0.67,0.33,1.00,0.50,0.83,2014-2015,,,,,,,,,,,
Juventus,24,29.3,54.0,13,143,"1,170",13.0,16,11,27,14,2,3,0,0,1.23,0.85,2.08,1.08,1.92,2014-2015,,,,,,,,,,,
Leverkusen,21,25.2,51.8,10,88,750,8.3,8,7,15,7,1,1,0,0,0.96,0.84,1.80,0.84,1.68,2014-2015,,,,,,,,,,,
Liverpool,21,25.7,49.2,6,66,540,6.0,5,1,6,4,1,1,0,0,0.83,0.17,1.00,0.67,0.83,2014-2015,,,,,,,,,,,
Ludogorets,19,27.4,48.5,12,66,540,6.0,5,4,9,5,0,0,0,0,0.83,0.67,1.50,0.83,1.50,2014-2015,,,,,,,,,,,
Malmö,17,25.1,43.0,12,66,540,6.0,4,2,6,4,0,0,0,0,0.67,0.33,1.00,0.67,1.00,2014-2015,,,,,,,,,,,
Manchester City,20,28.7,49.8,8,88,720,8.0,10,4,14,8,2,3,0,0,1.25,0.50,1.75,1.00,1.50,2014-2015,,,,,,,,,,,
Monaco,22,25.9,46.1,10,110,900,10.0,7,7,14,7,0,0,0,0,0.70,0.70,1.40,0.70,1.40,2014-2015,,,,,,,,,,,
NK Maribor,17,27.3,41.5,12,66,540,6.0,3,1,4,3,0,1,0,0,0.50,0.17,0.67,0.50,0.67,2014-2015,,,,,,,,,,,
Olympiacos,19,26.7,47.7,6,66,540,6.0,10,8,18,10,0,0,0,0,1.67,1.33,3.00,1.67,3.00,2014-2015,,,,,,,,,,,
Paris S-G,19,27.2,47.7,10,110,930,10.3,13,11,24,13,0,0,0,0,1.26,1.06,2.32,1.26,2.32,2014-2015,,,,,,,,,,,
Porto,23,24.4,56.3,12,110,900,10.0,25,12,37,22,3,5,0,0,2.50,1.20,3.70,2.20,3.40,2014-2015,,,,,,,,,,,
Real Madrid,23,26.4,56.1,12,132,"1,080",12.0,23,19,42,20,3,4,0,0,1.92,1.58,3.50,1.67,3.25,2014-2015,,,,,,,,,,,
Roma,20,28.3,46.8,6,66,540,6.0,7,5,12,7,0,0,0,0,1.17,0.83,2.00,1.17,2.00,2014-2015,,,,,,,,,,,
Schalke 04,26,25.6,51.4,8,88,720,8.0,12,8,20,11,1,1,0,0,1.50,1.00,2.50,1.37,2.37,2014-2015,,,,,,,,,,,
Shakhtar,20,27.0,49.1,8,88,720,8.0,15,11,26,12,3,3,0,0,1.87,1.37,3.25,1.50,2.87,2014-2015,,,,,,,,,,,
Sporting CP,19,24.1,49.2,6,66,540,6.0,12,5,17,9,3,3,0,0,2.00,0.83,2.83,1.50,2.33,2014-2015,,,,,,,,,,,
Zenit,18,27.6,52.8,10,66,540,6.0,4,4,8,4,0,0,0,0,0.67,0.67,1.33,0.67,1.33,2014-2015,,,,,,,,,,,
Ajax,21,23.5,,6,66,,,5,3,8,5,0,1,0,0,0.83,0.50,1.33,0.83,1.33,2013-2014,,,,,,,,,,,
Anderlecht,21,23.3,,6,66,,,4,4,8,4,0,1,0,0,0.67,0.67,1.33,0.67,1.33,2013-2014,,,,,,,,,,,
Arsenal,24,26.9,,10,88,,,9,8,17,9,0,2,0,0,0.90,0.80,1.70,0.90,1.70,2013-2014,,,,,,,,,,,
Atlético Madrid,24,26.7,,13,143,,,26,18,44,25,1,2,0,0,2.00,1.38,3.38,1.92,3.31,2013-2014,,,,,,,,,,,
Austria Wien,19,26.1,,10,66,,,5,4,9,5,0,0,0,0,0.50,0.40,0.90,0.50,0.90,2013-2014,,,,,,,,,,,
Barcelona,24,27.6,,10,110,,,21,16,37,18,3,3,0,0,2.10,1.60,3.70,1.80,3.40,2013-2014,,,,,,,,,,,
Basel,19,25.2,,10,66,,,5,6,11,5,0,0,0,0,0.50,0.60,1.10,0.50,1.10,2013-2014,,,,,,,,,,,
Bayern Munich,22,26.5,,12,132,,,24,20,44,22,2,4,0,0,2.00,1.67,3.67,1.83,3.50,2013-2014,,,,,,,,,,,
Benfica,21,27.0,,6,66,,,7,4,11,6,1,1,0,0,1.17,0.67,1.83,1.00,1.67,2013-2014,,,,,,,,,,,
Celtic,19,25.7,,12,66,,,3,1,4,2,1,1,0,0,0.25,0.08,0.33,0.17,0.25,2013-2014,,,,,,,,,,,
Chelsea,22,28.1,,12,132,,,18,14,32,17,1,1,0,0,1.50,1.17,2.67,1.42,2.58,2013-2014,,,,,,,,,,,
CSKA Moscow,20,26.2,,6,66,,,7,5,12,5,2,2,0,0,1.17,0.83,2.00,0.83,1.67,2013-2014,,,,,,,,,,,
Dortmund,23,25.9,,10,110,,,17,11,28,15,2,2,0,0,1.70,1.10,2.80,1.50,2.60,2013-2014,,,,,,,,,,,
FC Copenhagen,19,27.5,,6,66,,,4,3,7,4,0,0,0,0,0.67,0.50,1.17,0.67,1.17,2013-2014,,,,,,,,,,,
Galatasaray,23,28.3,,8,88,,,9,8,17,9,0,0,0,0,1.13,1.00,2.12,1.13,2.12,2013-2014,,,,,,,,,,,
Juventus,21,28.3,,6,66,,,9,5,14,5,4,4,0,0,1.50,0.83,2.33,0.83,1.67,2013-2014,,,,,,,,,,,
Leverkusen,21,25.4,,8,88,,,10,5,15,9,1,2,0,0,1.25,0.62,1.87,1.13,1.75,2013-2014,,,,,,,,,,,
Manchester City,21,27.5,,8,88,,,19,15,34,16,3,3,0,0,2.37,1.87,4.25,2.00,3.87,2013-2014,,,,,,,,,,,
Manchester Utd,24,27.7,,10,110,,,15,11,26,14,1,2,0,0,1.50,1.10,2.60,1.40,2.50,2013-2014,,,,,,,,,,,
Marseille,19,26.6,,6,66,,,5,4,9,4,1,1,0,0,0.83,0.67,1.50,0.67,1.33,2013-2014,,,,,,,,,,,
Milan,25,28.4,,10,88,,,7,4,11,6,1,1,0,0,0.70,0.40,1.10,0.60,1.00,2013-2014,,,,,,,,,,,
Napoli,19,27.5,,6,66,,,10,8,18,10,0,0,0,0,1.67,1.33,3.00,1.67,3.00,2013-2014,,,,,,,,,,,
Olympiacos,23,26.4,,8,88,,,12,10,22,11,1,3,0,0,1.50,1.25,2.75,1.37,2.62,2013-2014,,,,,,,,,,,
Paris S-G,21,26.8,,10,110,,,24,20,44,23,1,2,0,0,2.40,2.00,4.40,2.30,4.30,2013-2014,,,,,,,,,,,
Porto,18,26.2,,6,66,,,4,4,8,4,0,1,0,0,0.67,0.67,1.33,0.67,1.33,2013-2014,,,,,,,,,,,
Real Madrid,22,26.5,,13,143,,,41,35,76,39,2,4,0,0,3.15,2.69,5.85,3.00,5.69,2013-2014,,,,,,,,,,,
Real Sociedad,23,26.0,,8,66,,,1,0,1,1,0,1,0,0,0.12,0.00,0.12,0.12,0.12,2013-2014,,,,,,,,,,,
Schalke 04,25,25.0,,10,88,,,8,6,14,8,0,0,0,0,0.80,0.60,1.40,0.80,1.40,2013-2014,,,,,,,,,,,
Shakhtar,17,26.9,,6,66,,,7,4,11,7,0,0,0,0,1.17,0.67,1.83,1.17,1.83,2013-2014,,,,,,,,,,,
Steaua,21,26.5,,12,66,,,2,2,4,2,0,0,0,0,0.17,0.17,0.33,0.17,0.33,2013-2014,,,,,,,,,,,
Viktoria Plzeň,18,28.9,,12,66,,,6,6,12,6,0,0,0,0,0.50,0.50,1.00,0.50,1.00,2013-2014,,,,,,,,,,,
Zenit,21,27.4,,12,88,,,8,5,13,7,1,2,0,0,0.67,0.42,1.08,0.58,1.00,2013-2014,,,,,,,,,,,
Ajax,18,24.4,,6,66,,,8,6,14,8,0,0,7,0,1.33,1.00,2.33,1.33,2.33,2012-2013,,,,,,,,,,,
Anderlecht,20,26.3,,10,66,,,4,4,8,4,0,0,17,1,0.40,0.40,0.80,0.40,0.80,2012-2013,,,,,,,,,,,
Arsenal,28,25.6,,8,88,,,13,14,27,13,0,0,26,0,1.62,1.75,3.38,1.62,3.38,2012-2013,,,,,,,,,,,
Barcelona,25,26.9,,12,132,,,18,14,32,17,1,1,25,1,1.50,1.17,2.67,1.42,2.58,2012-2013,,,,,,,,,,,
BATE Borisov,19,26.7,,12,66,,,9,7,16,9,0,0,17,1,0.75,0.58,1.33,0.75,1.33,2012-2013,,,,,,,,,,,
Bayern Munich,21,26.3,,13,143,,,30,24,54,29,1,2,30,1,2.31,1.85,4.15,2.23,4.08,2012-2013,,,,,,,,,,,
Benfica,20,25.6,,6,66,,,5,4,9,5,0,1,16,0,0.83,0.67,1.50,0.83,1.50,2012-2013,,,,,,,,,,,
Braga,20,27.6,,8,66,,,7,4,11,6,1,1,11,1,0.87,0.50,1.37,0.75,1.25,2012-2013,,,,,,,,,,,
Celtic,19,25.2,,12,88,,,8,5,13,7,1,1,16,0,0.67,0.42,1.08,0.58,1.00,2012-2013,,,,,,,,,,,
CFR Cluj,19,27.4,,10,66,,,8,7,15,8,0,0,9,1,0.80,0.70,1.50,0.80,1.50,2012-2013,,,,,,,,,,,
Chelsea,19,26.3,,6,66,,,16,9,25,15,1,2,6,0,2.67,1.50,4.17,2.50,4.00,2012-2013,,,,,,,,,,,
Dinamo Zagreb,19,24.0,,12,66,,,1,0,1,0,1,1,8,0,0.08,0.00,0.08,0.00,0.00,2012-2013,,,,,,,,,,,
Dortmund,20,25.0,,13,143,,,23,16,39,21,2,3,13,0,1.77,1.23,3.00,1.62,2.85,2012-2013,,,,,,,,,,,
Dynamo Kyiv,21,25.9,,10,66,,,5,5,10,5,0,0,13,0,0.50,0.50,1.00,0.50,1.00,2012-2013,,,,,,,,,,,
Galatasaray,22,27.6,,10,110,,,14,12,26,14,0,0,26,0,1.40,1.20,2.60,1.40,2.60,2012-2013,,,,,,,,,,,
Juventus,24,28.1,,10,110,,,16,14,30,16,0,0,20,0,1.60,1.40,3.00,1.60,3.00,2012-2013,,,,,,,,,,,
Lille,22,27.1,,8,66,,,4,3,7,4,0,0,18,1,0.50,0.37,0.87,0.50,0.87,2012-2013,,,,,,,,,,,
Málaga,24,28.2,,12,110,,,16,14,30,15,1,2,23,0,1.33,1.17,2.50,1.25,2.42,2012-2013,,,,,,,,,,,
Manchester City,21,26.3,,6,66,,,7,3,10,5,2,2,15,0,1.17,0.50,1.67,0.83,1.33,2012-2013,,,,,,,,,,,
Manchester Utd,28,26.1,,8,88,,,10,7,17,9,1,2,13,0,1.25,0.87,2.12,1.13,2.00,2012-2013,,,,,,,,,,,
Milan,28,27.2,,8,88,,,8,7,15,8,0,0,21,0,1.00,0.87,1.87,1.00,1.87,2012-2013,,,,,,,,,,,
Montpellier,25,26.1,,6,66,,,6,2,8,4,2,2,15,1,1.00,0.33,1.33,0.67,1.00,2012-2013,,,,,,,,,,,
Nordsjælland,19,26.4,,6,66,,,4,3,7,4,0,1,14,0,0.67,0.50,1.17,0.67,1.17,2012-2013,,,,,,,,,,,
Olympiacos,20,27.5,,6,66,,,9,6,15,9,0,0,13,0,1.50,1.00,2.50,1.50,2.50,2012-2013,,,,,,,,,,,
Paris S-G,25,26.8,,10,110,,,20,16,36,19,1,1,22,1,2.00,1.60,3.60,1.90,3.50,2012-2013,,,,,,,,,,,
Porto,19,25.5,,8,88,,,11,9,20,11,0,0,15,1,1.37,1.13,2.50,1.37,2.50,2012-2013,,,,,,,,,,,
Real Madrid,25,26.5,,12,132,,,26,24,50,26,0,0,25,2,2.17,2.00,4.17,2.17,4.17,2012-2013,,,,,,,,,,,
Schalke 04,23,24.8,,8,88,,,13,10,23,12,1,2,17,0,1.62,1.25,2.87,1.50,2.75,2012-2013,,,,,,,,,,,
Shakhtar,18,26.8,,8,88,,,14,10,24,14,0,0,15,0,1.75,1.25,3.00,1.75,3.00,2012-2013,,,,,,,,,,,
Spartak Moscow,23,26.0,,8,66,,,5,5,10,5,0,0,18,3,0.62,0.62,1.25,0.62,1.25,2012-2013,,,,,,,,,,,
Valencia,23,26.5,,8,88,,,14,7,21,11,3,3,21,2,1.75,0.87,2.62,1.37,2.25,2012-2013,,,,,,,,,,,
Zenit,21,28.8,,6,66,,,6,3,9,5,1,1,15,1,1.00,0.50,1.50,0.83,1.33,2012-2013,,,,,,,,,,,
Ajax,20,23.5,,6,66,,,6,4,10,6,0,0,6,0,1.00,0.67,1.67,1.00,1.67,2011-2012,,,,,,,,,,,
APOEL FC,23,30.6,,16,110,,,9,7,16,7,2,2,27,1,0.56,0.44,1.00,0.44,0.87,2011-2012,,,,,,,,,,,
Arsenal,29,25.4,,10,88,,,10,4,14,9,1,1,16,0,1.00,0.40,1.40,0.90,1.30,2011-2012,,,,,,,,,,,
Barcelona,31,26.7,,12,132,,,33,22,55,28,5,6,17,0,2.75,1.83,4.58,2.33,4.17,2011-2012,,,,,,,,,,,
Basel,20,24.6,,8,88,,,12,8,20,10,2,2,18,1,1.50,1.00,2.50,1.25,2.25,2011-2012,,,,,,,,,,,
BATE Borisov,21,24.9,,12,66,,,2,0,2,1,1,1,8,0,0.17,0.00,0.17,0.08,0.08,2011-2012,,,,,,,,,,,
Bayern Munich,21,25.5,,15,143,,,26,15,41,25,1,3,29,1,1.73,1.00,2.73,1.67,2.67,2011-2012,,,,,,,,,,,
Benfica,22,25.9,,14,110,,,12,8,20,12,0,0,27,2,0.86,0.57,1.43,0.86,1.43,2011-2012,,,,,,,,,,,
Chelsea,23,27.8,,13,152,,,27,21,48,25,2,3,31,1,2.08,1.62,3.69,1.92,3.54,2011-2012,,,,,,,,,,,
CSKA Moscow,23,26.2,,8,88,,,11,10,21,11,0,0,16,1,1.37,1.25,2.62,1.37,2.62,2011-2012,,,,,,,,,,,
Dinamo Zagreb,19,24.3,,12,66,,,3,2,5,3,0,0,18,1,0.25,0.17,0.42,0.25,0.42,2011-2012,,,,,,,,,,,
Dortmund,20,24.2,,6,66,,,6,4,10,5,1,1,7,0,1.00,0.67,1.67,0.83,1.50,2011-2012,,,,,,,,,,,
Genk,20,24.9,,10,66,,,2,2,4,2,0,0,9,0,0.20,0.20,0.40,0.20,0.40,2011-2012,,,,,,,,,,,
Inter,25,29.8,,8,88,,,10,8,18,9,1,1,16,0,1.25,1.00,2.25,1.13,2.12,2011-2012,,,,,,,,,,,
Leverkusen,21,24.8,,8,88,,,10,6,16,10,0,0,20,0,1.25,0.75,2.00,1.25,2.00,2011-2012,,,,,,,,,,,
Lille,20,27.6,,6,66,,,5,3,8,5,0,0,15,0,0.83,0.50,1.33,0.83,1.33,2011-2012,,,,,,,,,,,
Lyon,20,25.9,,10,88,,,10,8,18,10,0,0,15,0,1.00,0.80,1.80,1.00,1.80,2011-2012,,,,,,,,,,,
Manchester City,20,25.7,,6,66,,,8,5,13,7,1,1,10,0,1.33,0.83,2.17,1.17,2.00,2011-2012,,,,,,,,,,,
Manchester Utd,24,26.1,,6,66,,,10,6,16,8,2,2,8,1,1.67,1.00,2.67,1.33,2.33,2011-2012,,,,,,,,,,,
Marseille,22,26.4,,10,110,,,9,5,14,8,1,1,23,3,0.90,0.50,1.40,0.80,1.30,2011-2012,,,,,,,,,,,
Milan,27,29.1,,10,110,,,16,12,28,14,2,2,25,0,1.60,1.20,2.80,1.40,2.60,2011-2012,,,,,,,,,,,
Napoli,19,28.4,,8,88,,,13,10,23,12,1,1,21,1,1.62,1.25,2.87,1.50,2.75,2011-2012,,,,,,,,,,,
Olympiacos,22,28.1,,6,66,,,8,4,12,8,0,0,10,0,1.33,0.67,2.00,1.33,2.00,2011-2012,,,,,,,,,,,
Oțelul Galați,22,25.8,,6,66,,,3,0,3,2,1,1,15,2,0.50,0.00,0.50,0.33,0.33,2011-2012,,,,,,,,,,,
Porto,20,25.1,,6,66,,,6,3,9,5,1,2,19,1,1.00,0.50,1.50,0.83,1.33,2011-2012,,,,,,,,,,,
Real Madrid,24,25.8,,12,132,,,34,27,61,32,2,2,24,1,2.83,2.25,5.08,2.67,4.92,2011-2012,,,,,,,,,,,
Shakhtar,20,25.9,,6,66,,,6,4,10,6,0,1,17,2,1.00,0.67,1.67,1.00,1.67,2011-2012,,,,,,,,,,,
Trabzonspor,18,27.5,,8,66,,,3,1,4,2,1,1,15,0,0.37,0.12,0.50,0.25,0.37,2011-2012,,,,,,,,,,,
Valencia,19,26.0,,6,66,,,12,8,20,11,1,1,11,0,2.00,1.33,3.33,1.83,3.17,2011-2012,,,,,,,,,,,
Viktoria Plzeň,19,28.5,,12,66,,,4,4,8,4,0,0,16,0,0.33,0.33,0.67,0.33,0.67,2011-2012,,,,,,,,,,,
Villarreal,23,26.2,,8,66,,,2,1,3,2,0,0,20,0,0.25,0.12,0.37,0.25,0.37,2011-2012,,,,,,,,,,,
Zenit,20,28.3,,8,88,,,10,6,16,10,0,1,18,1,1.25,0.75,2.00,1.25,2.00,2011-2012,,,,,,,,,,,
Ajax,17,24.2,,10,66,,,6,4,10,6,0,0,10,1,0.60,0.40,1.00,0.60,1.00,2010-2011,,,,,,,,,,,
Arsenal,25,24.8,,8,88,,,20,13,33,17,3,4,13,2,2.50,1.62,4.12,2.12,3.75,2010-2011,,,,,,,,,,,
Auxerre,20,27.3,,8,66,,,3,2,5,3,0,0,8,2,0.37,0.25,0.62,0.37,0.62,2010-2011,,,,,,,,,,,
Barcelona,25,26.6,,13,143,,,30,24,54,28,2,3,14,1,2.31,1.85,4.15,2.15,4.00,2010-2011,,,,,,,,,,,
Basel,18,25.7,,10,66,,,8,6,14,8,0,0,7,1,0.80,0.60,1.40,0.80,1.40,2010-2011,,,,,,,,,,,
Bayern Munich,23,26.4,,8,88,,,17,11,28,16,1,1,17,0,2.12,1.37,3.50,2.00,3.38,2010-2011,,,,,,,,,,,
Benfica,19,25.6,,6,66,,,7,6,13,7,0,0,12,1,1.17,1.00,2.17,1.17,2.17,2010-2011,,,,,,,,,,,
Braga,21,27.6,,10,66,,,5,4,9,5,0,0,10,0,0.50,0.40,0.90,0.50,0.90,2010-2011,,,,,,,,,,,
Bursaspor,21,28.0,,6,66,,,2,2,4,2,0,0,9,0,0.33,0.33,0.67,0.33,0.67,2010-2011,,,,,,,,,,,
CFR Cluj,22,26.5,,6,66,,,6,6,12,6,0,0,12,1,1.00,1.00,2.00,1.00,2.00,2010-2011,,,,,,,,,,,
Chelsea,25,27.5,,10,110,,,17,10,27,15,2,2,14,1,1.70,1.00,2.70,1.50,2.50,2010-2011,,,,,,,,,,,
FC Copenhagen,19,26.6,,12,88,,,6,3,9,5,1,1,12,0,0.50,0.25,0.75,0.42,0.67,2010-2011,,,,,,,,,,,
Hapoel Tel Aviv,19,25.9,,12,66,,,7,5,12,6,1,1,14,0,0.58,0.42,1.00,0.50,0.92,2010-2011,,,,,,,,,,,
Inter,29,29.0,,10,110,,,18,14,32,17,1,1,17,1,1.80,1.40,3.20,1.70,3.10,2010-2011,,,,,,,,,,,
Lyon,20,25.5,,8,88,,,12,8,20,11,1,1,15,0,1.50,1.00,2.50,1.37,2.37,2010-2011,,,,,,,,,,,
Manchester Utd,28,27.7,,13,143,,,18,16,34,17,1,1,14,0,1.38,1.23,2.62,1.31,2.54,2010-2011,,,,,,,,,,,
Marseille,20,27.0,,8,88,,,12,11,23,12,0,0,11,0,1.50,1.37,2.87,1.50,2.87,2010-2011,,,,,,,,,,,
Milan,23,29.5,,8,88,,,7,5,12,7,0,0,23,0,0.87,0.62,1.50,0.87,1.50,2010-2011,,,,,,,,,,,
MŠK Žilina,19,26.1,,12,66,,,3,2,5,3,0,0,9,0,0.25,0.17,0.42,0.25,0.42,2010-2011,,,,,,,,,,,
Panathinaikos,21,28.2,,6,66,,,2,2,4,2,0,0,11,1,0.33,0.33,0.67,0.33,0.67,2010-2011,,,,,,,,,,,
Partizan,21,26.1,,12,66,,,2,1,3,1,1,2,11,1,0.17,0.08,0.25,0.08,0.17,2010-2011,,,,,,,,,,,
Rangers,19,28.0,,6,66,,,3,3,6,3,0,0,10,0,0.50,0.50,1.00,0.50,1.00,2010-2011,,,,,,,,,,,
Real Madrid,26,25.7,,12,132,,,24,20,44,23,1,1,28,3,2.00,1.67,3.67,1.92,3.58,2010-2011,,,,,,,,,,,
Roma,25,29.7,,8,84,,,12,8,20,10,2,3,14,1,1.50,1.00,2.50,1.25,2.25,2010-2011,,,,,,,,,,,
Rubin Kazan,20,26.8,,6,66,,,2,0,2,0,2,2,10,0,0.33,0.00,0.33,0.00,0.00,2010-2011,,,,,,,,,,,
Schalke 04,27,25.2,,12,132,,,21,15,36,21,0,0,27,2,1.75,1.25,3.00,1.75,3.00,2010-2011,,,,,,,,,,,
Shakhtar,22,24.9,,10,110,,,19,14,33,18,1,1,24,0,1.90,1.40,3.30,1.80,3.20,2010-2011,,,,,,,,,,,
Spartak Moscow,22,25.3,,6,66,,,6,6,12,6,0,0,7,2,1.00,1.00,2.00,1.00,2.00,2010-2011,,,,,,,,,,,
Tottenham,25,26.6,,12,110,,,17,13,30,15,2,4,9,3,1.42,1.08,2.50,1.25,2.33,2010-2011,,,,,,,,,,,
Twente,21,24.9,,6,66,,,8,2,10,7,1,1,10,0,1.33,0.33,1.67,1.17,1.50,2010-2011,,,,,,,,,,,
Valencia,26,27.6,,8,88,,,16,10,26,15,1,1,12,0,2.00,1.25,3.25,1.87,3.12,2010-2011,,,,,,,,,,,
Werder Bremen,22,25.9,,8,66,,,6,6,12,6,0,0,9,1,0.75,0.75,1.50,0.75,1.50,2010-2011,,,,,,,,,,,
APOEL FC,20,30.1,,12,66,,,3,2,5,3,0,0,12,0,0.25,0.17,0.42,0.25,0.42,2009-2010,,,,,,,,,,,
Arsenal,29,24.6,,12,109,,,21,16,37,19,2,2,19,0,1.75,1.33,3.08,1.58,2.92,2009-2010,,,,,,,,,,,
Atlético Madrid,21,26.4,,8,66,,,3,0,3,3,0,0,12,0,0.37,0.00,0.37,0.37,0.37,2009-2010,,,,,,,,,,,
AZ Alkmaar,19,24.5,,6,66,,,4,4,8,4,0,0,9,0,0.67,0.67,1.33,0.67,1.33,2009-2010,,,,,,,,,,,
Barcelona,20,26.5,,12,132,,,20,16,36,20,0,0,19,1,1.67,1.33,3.00,1.67,3.00,2009-2010,,,,,,,,,,,
Bayern Munich,22,27.2,,13,143,,,20,12,32,18,2,2,21,3,1.54,0.92,2.46,1.38,2.31,2009-2010,,,,,,,,,,,
Beşiktaş,22,28.4,,6,66,,,3,3,6,3,0,0,14,0,0.50,0.50,1.00,0.50,1.00,2009-2010,,,,,,,,,,,
Bordeaux,23,26.4,,10,110,,,14,12,26,14,0,2,10,1,1.40,1.20,2.60,1.40,2.60,2009-2010,,,,,,,,,,,
Chelsea,22,28.6,,8,86,,,11,9,20,11,0,0,14,1,1.37,1.13,2.50,1.37,2.50,2009-2010,,,,,,,,,,,
CSKA Moscow,20,25.1,,10,110,,,13,12,25,13,0,0,21,2,1.30,1.20,2.50,1.30,2.50,2009-2010,,,,,,,,,,,
Debrecen,20,26.6,,12,66,,,5,5,10,5,0,0,7,0,0.42,0.42,0.83,0.42,0.83,2009-2010,,,,,,,,,,,
Dynamo Kyiv,17,25.3,,6,66,,,6,3,9,6,0,0,15,0,1.00,0.50,1.50,1.00,1.50,2009-2010,,,,,,,,,,,
Fiorentina,23,27.6,,10,83,,,16,13,29,15,1,1,15,2,1.60,1.30,2.90,1.50,2.80,2009-2010,,,,,,,,,,,
Inter,23,29.5,,13,143,,,17,13,30,17,0,0,30,2,1.31,1.00,2.31,1.31,2.31,2009-2010,,,,,,,,,,,
Juventus,22,28.7,,6,66,,,4,4,8,4,0,0,11,0,0.67,0.67,1.33,0.67,1.33,2009-2010,,,,,,,,,,,
Liverpool,24,26.1,,6,66,,,5,3,8,5,0,0,3,0,0.83,0.50,1.33,0.83,1.33,2009-2010,,,,,,,,,,,
Lyon,20,25.8,,14,132,,,17,12,29,16,1,1,23,2,1.21,0.86,2.07,1.14,2.00,2009-2010,,,,,,,,,,,
Maccabi Haifa,20,24.9,,12,66,,,0,0,0,0,0,0,13,2,0.00,0.00,0.00,0.00,0.00,2009-2010,,,,,,,,,,,
Manchester Utd,27,27.3,,10,112,,,20,18,38,20,0,0,11,2,2.00,1.80,3.80,2.00,3.80,2009-2010,,,,,,,,,,,
Marseille,20,28.2,,6,66,,,9,5,14,9,0,1,10,2,1.50,0.83,2.33,1.50,2.33,2009-2010,,,,,,,,,,,
Milan,25,29.8,,8,88,,,10,7,17,8,2,2,17,0,1.25,0.87,2.12,1.00,1.87,2009-2010,,,,,,,,,,,
Olympiacos,24,28.8,,12,88,,,5,4,9,5,0,0,14,2,0.42,0.33,0.75,0.42,0.75,2009-2010,,,,,,,,,,,
Porto,21,25.1,,8,86,,,10,7,17,9,1,1,12,2,1.25,0.87,2.12,1.13,2.00,2009-2010,,,,,,,,,,,
Rangers,19,27.6,,6,66,,,3,3,6,3,0,1,11,0,0.50,0.50,1.00,0.50,1.00,2009-2010,,,,,,,,,,,
Real Madrid,21,25.4,,8,89,,,16,9,25,15,1,1,22,0,2.00,1.13,3.12,1.87,3.00,2009-2010,,,,,,,,,,,
Rubin Kazan,16,27.8,,6,60,,,2,1,3,2,0,0,12,0,0.33,0.17,0.50,0.33,0.50,2009-2010,,,,,,,,,,,
Sevilla,25,27.4,,8,88,,,13,11,24,12,1,1,9,0,1.62,1.37,3.00,1.50,2.87,2009-2010,,,,,,,,,,,
Standard Liège,19,23.8,,6,66,,,6,4,10,5,1,1,13,1,1.00,0.67,1.67,0.83,1.50,2009-2010,,,,,,,,,,,
Stuttgart,20,26.1,,10,84,,,10,8,18,10,0,0,14,0,1.00,0.80,1.80,1.00,1.80,2009-2010,,,,,,,,,,,
Unirea Urziceni,21,27.8,,6,70,,,5,2,7,5,0,0,15,0,0.83,0.33,1.17,0.83,1.17,2009-2010,,,,,,,,,,,
Wolfsburg,17,26.4,,6,66,,,9,7,16,8,1,1,3,1,1.50,1.17,2.67,1.33,2.50,2009-2010,,,,,,,,,,,
Zürich,18,25.4,,10,68,,,5,3,8,4,1,1,14,1,0.50,0.30,0.80,0.40,0.70,2009-2010,,,,,,,,,,,
Aalborg,16,26.3,,10,62,,,7,5,12,7,0,0,8,1,0.70,0.50,1.20,0.70,1.20,2008-2009,,,,,,,,,,,
Anorthosis,20,29.9,,12,64,,,7,3,10,7,0,0,10,0,0.58,0.25,0.83,0.58,0.83,2008-2009,,,,,,,,,,,
Arsenal,24,23.9,,14,132,,,17,12,29,13,4,4,20,0,1.21,0.86,2.07,0.93,1.79,2008-2009,,,,,,,,,,,
Atlético Madrid,22,27.0,,10,88,,,11,8,19,11,0,0,17,0,1.10,0.80,1.90,1.10,1.90,2008-2009,,,,,,,,,,,
Barcelona,23,25.9,,15,144,,,31,27,58,29,2,2,22,1,2.07,1.80,3.87,1.93,3.73,2008-2009,,,,,,,,,,,
Basel,21,25.7,,10,65,,,2,2,4,2,0,0,7,0,0.20,0.20,0.40,0.20,0.40,2008-2009,,,,,,,,,,,
BATE Borisov,19,24.7,,12,68,,,3,2,5,3,0,0,14,1,0.25,0.17,0.42,0.25,0.42,2008-2009,,,,,,,,,,,
Bayern Munich,22,28.0,,10,110,,,24,14,38,22,2,2,17,0,2.40,1.40,3.80,2.20,3.60,2008-2009,,,,,,,,,,,
Bordeaux,17,27.2,,6,57,,,4,3,7,4,0,0,14,1,0.67,0.50,1.17,0.67,1.17,2008-2009,,,,,,,,,,,
Celtic,19,26.3,,6,65,,,4,4,8,4,0,1,8,0,0.67,0.67,1.33,0.67,1.33,2008-2009,,,,,,,,,,,
CFR Cluj,18,26.6,,6,66,,,5,2,7,5,0,0,16,1,0.83,0.33,1.17,0.83,1.17,2008-2009,,,,,,,,,,,
Chelsea,21,27.5,,12,129,,,20,16,36,20,0,0,30,2,1.67,1.33,3.00,1.67,3.00,2008-2009,,,,,,,,,,,
Dynamo Kyiv,19,24.8,,10,66,,,4,2,6,3,1,1,16,1,0.40,0.20,0.60,0.30,0.50,2008-2009,,,,,,,,,,,
Fenerbahçe,20,27.8,,10,66,,,3,0,3,3,0,0,17,1,0.30,0.00,0.30,0.30,0.30,2008-2009,,,,,,,,,,,
Fiorentina,19,26.7,,8,66,,,5,5,10,5,0,0,13,0,0.62,0.62,1.25,0.62,1.25,2008-2009,,,,,,,,,,,
Inter,23,28.4,,8,87,,,7,7,14,7,0,0,12,0,0.87,0.87,1.75,0.87,1.75,2008-2009,,,,,,,,,,,
Juventus,25,28.7,,10,88,,,9,6,15,8,1,2,19,1,0.90,0.60,1.50,0.80,1.40,2008-2009,,,,,,,,,,,
Liverpool,22,26.1,,12,112,,,20,14,34,16,4,4,17,0,1.67,1.17,2.83,1.33,2.50,2008-2009,,,,,,,,,,,
Lyon,22,26.3,,8,88,,,16,11,27,16,0,0,22,1,2.00,1.37,3.38,2.00,3.38,2008-2009,,,,,,,,,,,
Manchester Utd,24,26.9,,13,143,,,18,12,30,18,0,0,14,1,1.38,0.92,2.31,1.38,2.31,2008-2009,,,,,,,,,,,
Marseille,18,25.9,,8,66,,,5,5,10,5,0,0,6,0,0.62,0.62,1.25,0.62,1.25,2008-2009,,,,,,,,,,,
Panathinaikos,22,27.6,,12,88,,,10,4,14,9,1,1,15,0,0.83,0.33,1.17,0.75,1.08,2008-2009,,,,,,,,,,,
Porto,22,25.0,,10,109,,,12,9,21,12,0,0,16,1,1.20,0.90,2.10,1.20,2.10,2008-2009,,,,,,,,,,,
PSV Eindhoven,19,26.4,,6,63,,,5,4,9,5,0,0,13,0,0.83,0.67,1.50,0.83,1.50,2008-2009,,,,,,,,,,,
Real Madrid,25,26.6,,8,88,,,8,5,13,8,0,0,11,0,1.00,0.62,1.62,1.00,1.62,2008-2009,,,,,,,,,,,
Roma,23,28.2,,8,90,,,13,10,23,13,0,0,16,0,1.62,1.25,2.87,1.62,2.87,2008-2009,,,,,,,,,,,
Shakhtar,22,24.8,,8,66,,,11,9,20,11,0,0,19,0,1.37,1.13,2.50,1.37,2.50,2008-2009,,,,,,,,,,,
Sporting CP,21,26.2,,8,88,,,9,5,14,9,0,0,13,1,1.13,0.62,1.75,1.13,1.75,2008-2009,,,,,,,,,,,
Steaua,20,27.2,,8,67,,,3,3,6,3,0,0,18,1,0.37,0.37,0.75,0.37,0.75,2008-2009,,,,,,,,,,,
Villarreal,21,27.3,,10,106,,,13,9,22,12,1,1,21,3,1.30,0.90,2.20,1.20,2.10,2008-2009,,,,,,,,,,,
Werder Bremen,21,25.9,,6,66,,,7,5,12,6,1,1,17,0,1.17,0.83,2.00,1.00,1.83,2008-2009,,,,,,,,,,,
Zenit,16,27.2,,6,63,,,4,3,7,4,0,0,11,1,0.67,0.50,1.17,0.67,1.17,2008-2009,,,,,,,,,,,
Arsenal,24,24.2,,12,110,,,18,16,34,18,0,0,16,0,1.50,1.33,2.83,1.50,2.83,2007-2008,,,,,,,,,,,
Barcelona,24,26.8,,12,141,,,19,13,32,18,1,1,20,0,1.58,1.08,2.67,1.50,2.58,2007-2008,,,,,,,,,,,
Benfica,20,26.9,,8,66,,,5,4,9,5,0,0,7,1,0.62,0.50,1.13,0.62,1.13,2007-2008,,,,,,,,,,,
Beşiktaş,22,26.5,,10,69,,,3,2,5,3,0,0,4,0,0.30,0.20,0.50,0.30,0.50,2007-2008,,,,,,,,,,,
Celtic,23,25.9,,10,89,,,6,5,11,6,0,0,12,0,0.60,0.50,1.10,0.60,1.10,2007-2008,,,,,,,,,,,
Chelsea,24,28.0,,13,146,,,17,11,28,16,1,1,14,1,1.31,0.85,2.15,1.23,2.08,2007-2008,,,,,,,,,,,
CSKA Moscow,22,24.7,,6,65,,,6,3,9,5,1,1,14,0,1.00,0.50,1.50,0.83,1.33,2007-2008,,,,,,,,,,,
Dynamo Kyiv,27,26.9,,8,66,,,4,4,8,4,0,0,6,0,0.50,0.50,1.00,0.50,1.00,2007-2008,,,,,,,,,,,
Fenerbahçe,21,27.1,,12,110,,,14,8,22,14,0,0,21,1,1.17,0.67,1.83,1.17,1.83,2007-2008,,,,,,,,,,,
Inter,24,28.8,,8,88,,,12,9,21,11,1,1,14,1,1.50,1.13,2.62,1.37,2.50,2007-2008,,,,,,,,,,,
Lazio,21,28.3,,8,67,,,8,5,13,8,0,1,9,0,1.00,0.62,1.62,1.00,1.62,2007-2008,,,,,,,,,,,
Liverpool,22,26.5,,14,130,,,29,22,51,26,3,3,11,0,2.07,1.57,3.64,1.86,3.43,2007-2008,,,,,,,,,,,
Lyon,22,27.1,,8,88,,,12,8,20,11,1,1,13,0,1.50,1.00,2.50,1.37,2.37,2007-2008,,,,,,,,,,,
Manchester Utd,26,26.2,,13,144,,,20,15,35,19,1,1,14,0,1.54,1.15,2.69,1.46,2.62,2007-2008,,,,,,,,,,,
Marseille,20,25.1,,6,66,,,6,3,9,6,0,0,10,0,1.00,0.50,1.50,1.00,1.50,2007-2008,,,,,,,,,,,
Milan,23,30.0,,8,88,,,12,9,21,11,1,1,15,0,1.50,1.13,2.62,1.37,2.50,2007-2008,,,,,,,,,,,
Olympiacos,23,30.1,,8,88,,,11,6,17,11,0,0,14,1,1.37,0.75,2.12,1.37,2.12,2007-2008,,,,,,,,,,,
Porto,22,26.0,,8,88,,,7,5,12,5,2,2,8,1,0.87,0.62,1.50,0.62,1.25,2007-2008,,,,,,,,,,,
PSV Eindhoven,21,25.9,,6,68,,,3,2,5,3,0,0,9,1,0.50,0.33,0.83,0.50,0.83,2007-2008,,,,,,,,,,,
Rangers,18,27.4,,10,63,,,7,5,12,6,1,1,14,1,0.70,0.50,1.20,0.60,1.10,2007-2008,,,,,,,,,,,
Real Madrid,23,26.2,,8,88,,,15,13,28,15,0,0,12,0,1.87,1.62,3.50,1.87,3.50,2007-2008,,,,,,,,,,,
Roma,22,27.9,,10,110,,,14,9,23,14,0,0,21,0,1.40,0.90,2.30,1.40,2.30,2007-2008,,,,,,,,,,,
Rosenborg,16,27.5,,10,69,,,6,4,10,6,0,0,6,0,0.60,0.40,1.00,0.60,1.00,2007-2008,,,,,,,,,,,
Schalke 04,23,25.9,,10,110,,,6,6,12,6,0,0,25,0,0.60,0.60,1.20,0.60,1.20,2007-2008,,,,,,,,,,,
Sevilla,24,27.1,,10,82,,,16,10,26,16,0,0,7,0,1.60,1.00,2.60,1.60,2.60,2007-2008,,,,,,,,,,,
Shakhtar,17,25.1,,10,66,,,6,3,9,5,1,1,11,0,0.60,0.30,0.90,0.50,0.80,2007-2008,,,,,,,,,,,
Slavia Prague,23,26.2,,10,65,,,5,3,8,5,0,0,12,0,0.50,0.30,0.80,0.50,0.80,2007-2008,,,,,,,,,,,
Sporting CP,23,24.9,,6,65,,,9,5,14,8,1,1,8,0,1.50,0.83,2.33,1.33,2.17,2007-2008,,,,,,,,,,,
Steaua,21,25.6,,10,66,,,4,3,7,4,0,0,8,0,0.40,0.30,0.70,0.40,0.70,2007-2008,,,,,,,,,,,
Stuttgart,21,25.6,,6,82,,,7,4,11,7,0,1,8,0,1.17,0.67,1.83,1.17,1.83,2007-2008,,,,,,,,,,,
Valencia,23,27.5,,8,66,,,2,1,3,2,0,0,6,1,0.25,0.12,0.37,0.25,0.37,2007-2008,,,,,,,,,,,
Werder Bremen,20,25.6,,8,80,,,8,6,14,7,1,1,6,1,1.00,0.75,1.75,0.87,1.62,2007-2008,,,,,,,,,,,
AEK Athens,22,27.2,,8,66,,,6,4,10,6,0,0,13,0,0.75,0.50,1.25,0.75,1.25,2006-2007,,,,,,,,,,,
Anderlecht,17,24.9,,6,62,,,7,6,13,7,0,0,11,1,1.17,1.00,2.17,1.17,2.17,2006-2007,,,,,,,,,,,
Arsenal,23,25.4,,10,83,,,7,6,13,6,1,1,8,0,0.70,0.60,1.30,0.60,1.20,2006-2007,,,,,,,,,,,
Barcelona,21,27.1,,8,88,,,14,10,24,14,0,0,12,0,1.75,1.25,3.00,1.75,3.00,2006-2007,,,,,,,,,,,
Bayern Munich,20,27.4,,10,109,,,16,8,24,15,1,1,19,2,1.60,0.80,2.40,1.50,2.30,2006-2007,,,,,,,,,,,
Benfica,18,28.1,,8,58,,,6,4,10,6,0,0,6,0,0.75,0.50,1.25,0.75,1.25,2006-2007,,,,,,,,,,,
Bordeaux,21,26.8,,6,66,,,6,5,11,6,0,0,6,1,1.00,0.83,1.83,1.00,1.83,2006-2007,,,,,,,,,,,
Celtic,20,26.9,,8,90,,,8,4,12,7,1,1,15,0,1.00,0.50,1.50,0.87,1.37,2006-2007,,,,,,,,,,,
Chelsea,22,26.6,,12,132,,,17,14,31,16,1,1,23,0,1.42,1.17,2.58,1.33,2.50,2006-2007,,,,,,,,,,,
CSKA Moscow,19,24.4,,8,66,,,4,3,7,3,1,1,15,0,0.50,0.37,0.87,0.37,0.75,2006-2007,,,,,,,,,,,
Dynamo Kyiv,25,25.9,,10,66,,,5,3,8,5,0,0,12,0,0.50,0.30,0.80,0.50,0.80,2006-2007,,,,,,,,,,,
FC Copenhagen,17,26.5,,10,66,,,5,3,8,5,0,0,6,0,0.50,0.30,0.80,0.50,0.80,2006-2007,,,,,,,,,,,
Galatasaray,24,28.0,,8,66,,,7,3,10,7,0,0,11,2,0.87,0.37,1.25,0.87,1.25,2006-2007,,,,,,,,,,,
Hamburger SV,24,25.7,,8,66,,,7,3,10,7,0,0,12,2,0.87,0.37,1.25,0.87,1.25,2006-2007,,,,,,,,,,,
Inter,23,29.1,,8,88,,,7,6,13,7,0,0,14,3,0.87,0.75,1.62,0.87,1.62,2006-2007,,,,,,,,,,,
Levski Sofia,21,27.7,,10,66,,,1,1,2,1,0,0,7,0,0.10,0.10,0.20,0.10,0.20,2006-2007,,,,,,,,,,,
Lille,23,25.3,,10,88,,,7,6,13,7,0,0,19,1,0.70,0.60,1.30,0.70,1.30,2006-2007,,,,,,,,,,,
Liverpool,25,25.9,,15,135,,,19,15,34,19,0,0,19,0,1.27,1.00,2.27,1.27,2.27,2006-2007,,,,,,,,,,,
Lyon,24,26.9,,8,88,,,12,9,21,12,0,0,17,0,1.50,1.13,2.62,1.50,2.62,2006-2007,,,,,,,,,,,
Manchester Utd,21,27.4,,12,132,,,22,17,39,21,1,1,21,1,1.83,1.42,3.25,1.75,3.17,2006-2007,,,,,,,,,,,
Milan,24,29.5,,15,144,,,20,15,35,17,3,3,20,2,1.33,1.00,2.33,1.13,2.13,2006-2007,,,,,,,,,,,
Olympiacos,18,30.0,,6,63,,,6,6,12,6,0,0,12,0,1.00,1.00,2.00,1.00,2.00,2006-2007,,,,,,,,,,,
Porto,21,24.4,,8,87,,,11,7,18,10,1,1,11,0,1.37,0.87,2.25,1.25,2.12,2006-2007,,,,,,,,,,,
PSV Eindhoven,21,26.1,,10,108,,,8,6,14,8,0,0,9,2,0.80,0.60,1.40,0.80,1.40,2006-2007,,,,,,,,,,,
Real Madrid,27,27.4,,8,88,,,17,9,26,14,3,3,12,1,2.12,1.13,3.25,1.75,2.87,2006-2007,,,,,,,,,,,
Roma,21,27.1,,10,111,,,13,8,21,12,1,1,24,0,1.30,0.80,2.10,1.20,2.00,2006-2007,,,,,,,,,,,
Shakhtar,21,24.3,,8,65,,,6,3,9,6,0,0,18,2,0.75,0.37,1.13,0.75,1.13,2006-2007,,,,,,,,,,,
Spartak Moscow,20,26.0,,10,63,,,7,6,13,7,0,0,6,0,0.70,0.60,1.30,0.70,1.30,2006-2007,,,,,,,,,,,
Sporting CP,21,25.1,,6,66,,,3,3,6,3,0,0,13,0,0.50,0.50,1.00,0.50,1.00,2006-2007,,,,,,,,,,,
Steaua,20,25.9,,10,66,,,7,5,12,7,0,0,14,0,0.70,0.50,1.20,0.70,1.20,2006-2007,,,,,,,,,,,
Valencia,30,27.0,,12,110,,,15,9,24,15,0,0,21,0,1.25,0.75,2.00,1.25,2.00,2006-2007,,,,,,,,,,,
Werder Bremen,19,25.5,,6,66,,,5,3,8,5,0,0,12,0,0.83,0.50,1.33,0.83,1.33,2006-2007,,,,,,,,,,,
Ajax,21,24.3,,10,87,,,11,7,18,11,0,0,14,1,1.10,0.70,1.80,1.10,1.80,2005-2006,,,,,,,,,,,
Anderlecht,22,26.7,,10,63,,,1,1,2,1,0,0,4,1,0.10,0.10,0.20,0.10,0.20,2005-2006,,,,,,,,,,,
Arsenal,25,25.5,,13,142,,,15,9,24,13,2,2,15,1,1.15,0.69,1.85,1.00,1.69,2005-2006,,,,,,,,,,,
Artmedia,18,26.5,,12,66,,,5,3,8,5,0,0,12,0,0.42,0.25,0.67,0.42,0.67,2005-2006,,,,,,,,,,,
Barcelona,22,26.7,,13,143,,,23,12,35,21,2,3,21,0,1.77,0.92,2.69,1.62,2.54,2005-2006,,,,,,,,,,,
Bayern Munich,21,28.2,,8,88,,,12,8,20,12,0,0,13,0,1.50,1.00,2.50,1.50,2.50,2005-2006,,,,,,,,,,,
Benfica,24,26.0,,10,109,,,7,4,11,7,0,0,13,0,0.70,0.40,1.10,0.70,1.10,2005-2006,,,,,,,,,,,
Betis,21,25.5,,8,69,,,3,3,6,3,0,0,18,0,0.37,0.37,0.75,0.37,0.75,2005-2006,,,,,,,,,,,
Chelsea,21,26.1,,8,89,,,8,6,14,7,1,1,17,1,1.00,0.75,1.75,0.87,1.62,2005-2006,,,,,,,,,,,
Club Brugge,23,27.1,,8,68,,,6,4,10,6,0,0,8,0,0.75,0.50,1.25,0.75,1.25,2005-2006,,,,,,,,,,,
Fenerbahçe,17,25.6,,6,66,,,7,2,9,5,2,2,10,3,1.17,0.33,1.50,0.83,1.17,2005-2006,,,,,,,,,,,
Inter,26,28.2,,12,113,,,12,10,22,11,1,3,16,2,1.00,0.83,1.83,0.92,1.75,2005-2006,,,,,,,,,,,
Juventus,21,28.8,,10,110,,,16,10,26,16,0,0,24,4,1.60,1.00,2.60,1.60,2.60,2005-2006,,,,,,,,,,,
Lille,22,24.8,,6,66,,,1,1,2,1,0,0,13,0,0.17,0.17,0.33,0.17,0.33,2005-2006,,,,,,,,,,,
Liverpool,21,26.3,,14,90,,,5,4,9,5,0,0,11,0,0.36,0.29,0.64,0.36,0.64,2005-2006,,,,,,,,,,,
Lyon,24,26.7,,10,114,,,17,10,27,17,0,1,16,1,1.70,1.00,2.70,1.70,2.70,2005-2006,,,,,,,,,,,
Manchester Utd,18,26.1,,8,65,,,3,1,4,3,0,0,15,2,0.37,0.12,0.50,0.37,0.50,2005-2006,,,,,,,,,,,
Milan,21,29.5,,12,131,,,20,16,36,19,1,2,18,1,1.67,1.33,3.00,1.58,2.92,2005-2006,,,,,,,,,,,
Olympiacos,20,29.8,,6,64,,,6,3,9,6,0,0,10,1,1.00,0.50,1.50,1.00,1.50,2005-2006,,,,,,,,,,,
Panathinaikos,20,25.7,,8,66,,,4,3,7,3,1,1,12,0,0.50,0.37,0.87,0.37,0.75,2005-2006,,,,,,,,,,,
Porto,21,25.5,,6,64,,,6,5,11,6,0,0,12,0,1.00,0.83,1.83,1.00,1.83,2005-2006,,,,,,,,,,,
PSV Eindhoven,20,26.0,,8,88,,,4,3,7,4,0,0,9,2,0.50,0.37,0.87,0.50,0.87,2005-2006,,,,,,,,,,,
Rangers,23,27.0,,10,85,,,9,6,15,9,0,0,14,0,0.90,0.60,1.50,0.90,1.50,2005-2006,,,,,,,,,,,
Rapid Wien,19,27.8,,10,65,,,3,2,5,3,0,0,8,0,0.30,0.20,0.50,0.30,0.50,2005-2006,,,,,,,,,,,
Real Madrid,27,26.6,,8,85,,,9,8,17,9,0,0,15,1,1.13,1.00,2.12,1.13,2.12,2005-2006,,,,,,,,,,,
Rosenborg,14,28.1,,8,63,,,5,3,8,5,0,1,2,0,0.62,0.37,1.00,0.62,1.00,2005-2006,,,,,,,,,,,
Schalke 04,15,27.2,,6,66,,,13,5,18,11,2,2,13,0,2.17,0.83,3.00,1.83,2.67,2005-2006,,,,,,,,,,,
Sparta Prague,16,26.7,,6,59,,,2,0,2,2,0,0,4,1,0.33,0.00,0.33,0.33,0.33,2005-2006,,,,,,,,,,,
Thun,15,24.8,,10,64,,,4,2,6,4,0,0,11,2,0.40,0.20,0.60,0.40,0.60,2005-2006,,,,,,,,,,,
Udinese,15,27.4,,8,61,,,9,6,15,7,2,2,11,1,1.13,0.75,1.87,0.87,1.62,2005-2006,,,,,,,,,,,
Villarreal,24,27.3,,14,143,,,8,5,13,6,2,3,27,0,0.57,0.36,0.93,0.43,0.79,2005-2006,,,,,,,,,,,
Werder Bremen,19,26.9,,10,108,,,14,10,24,12,2,2,14,2,1.40,1.00,2.40,1.20,2.20,2005-2006,,,,,,,,,,,
Ajax,23,23.2,,6,66,,,6,3,9,6,0,1,8,0,1.00,0.50,1.50,1.00,1.50,2004-2005,,,,,,,,,,,
Anderlecht,22,25.9,,8,66,,,4,2,6,4,0,1,8,0,0.50,0.25,0.75,0.50,0.75,2004-2005,,,,,,,,,,,
Arsenal,22,26.5,,8,88,,,12,7,19,10,2,2,8,2,1.50,0.87,2.37,1.25,2.12,2004-2005,,,,,,,,,,,
Barcelona,23,25.6,,8,88,,,13,9,22,11,2,4,7,0,1.62,1.13,2.75,1.37,2.50,2004-2005,,,,,,,,,,,
Bayern Munich,23,28.1,,10,110,,,20,12,32,17,3,3,16,0,2.00,1.20,3.20,1.70,2.90,2004-2005,,,,,,,,,,,
Celtic,19,28.5,,6,66,,,4,4,8,4,0,0,12,0,0.67,0.67,1.33,0.67,1.33,2004-2005,,,,,,,,,,,
Chelsea,23,25.3,,12,132,,,20,18,38,20,0,0,19,1,1.67,1.50,3.17,1.67,3.17,2004-2005,,,,,,,,,,,
CSKA Moscow,20,23.8,,10,66,,,5,3,8,4,1,3,8,1,0.50,0.30,0.80,0.40,0.70,2004-2005,,,,,,,,,,,
Dynamo Kyiv,19,24.2,,8,55,,,7,3,10,7,0,0,9,0,0.87,0.37,1.25,0.87,1.25,2004-2005,,,,,,,,,,,
Fenerbahçe,19,26.2,,6,66,,,8,6,14,8,0,0,8,2,1.33,1.00,2.33,1.33,2.33,2004-2005,,,,,,,,,,,
Inter,26,28.1,,12,99,,,18,14,32,17,1,2,15,1,1.50,1.17,2.67,1.42,2.58,2004-2005,,,,,,,,,,,
Juventus,22,28.2,,12,110,,,9,6,15,9,0,0,23,1,0.75,0.50,1.25,0.75,1.25,2004-2005,,,,,,,,,,,
La Coruña,21,28.6,,8,67,,,0,0,0,0,0,0,12,0,0.00,0.00,0.00,0.00,0.00,2004-2005,,,,,,,,,,,
Leverkusen,21,27.2,,10,88,,,15,8,23,15,0,0,22,1,1.50,0.80,2.30,1.50,2.30,2004-2005,,,,,,,,,,,
Liverpool,26,26.1,,15,143,,,17,11,28,17,0,1,21,0,1.13,0.73,1.87,1.13,1.87,2004-2005,,,,,,,,,,,
Lyon,22,25.6,,10,110,,,29,21,50,28,1,1,10,0,2.90,2.10,5.00,2.80,4.90,2004-2005,,,,,,,,,,,
Maccabi Tel Aviv,19,23.7,,10,66,,,4,1,5,2,2,2,7,0,0.40,0.10,0.50,0.20,0.30,2004-2005,,,,,,,,,,,
Manchester Utd,27,25.8,,10,89,,,14,9,23,13,1,1,10,0,1.40,0.90,2.30,1.30,2.20,2004-2005,,,,,,,,,,,
Milan,21,29.4,,13,131,,,20,17,37,20,0,0,15,0,1.54,1.31,2.85,1.54,2.85,2004-2005,,,,,,,,,,,
Monaco,20,24.9,,10,89,,,10,8,18,10,0,0,10,1,1.00,0.80,1.80,1.00,1.80,2004-2005,,,,,,,,,,,
Olympiacos,19,30.1,,6,66,,,5,3,8,5,0,0,15,1,0.83,0.50,1.33,0.83,1.33,2004-2005,,,,,,,,,,,
Panathinaikos,22,26.9,,6,66,,,10,4,14,9,1,2,12,0,1.67,0.67,2.33,1.50,2.17,2004-2005,,,,,,,,,,,
Paris S-G,20,26.7,,6,66,,,3,3,6,3,0,0,8,1,0.50,0.50,1.00,0.50,1.00,2004-2005,,,,,,,,,,,
Porto,24,26.2,,8,88,,,6,3,9,6,0,0,20,0,0.75,0.37,1.13,0.75,1.13,2004-2005,,,,,,,,,,,
PSV Eindhoven,20,26.2,,14,132,,,14,12,26,14,0,1,13,1,1.00,0.86,1.86,1.00,1.86,2004-2005,,,,,,,,,,,
Real Madrid,18,28.2,,10,89,,,12,8,20,9,3,4,14,1,1.20,0.80,2.00,0.90,1.70,2004-2005,,,,,,,,,,,
Roma,24,25.0,,6,55,,,4,3,7,4,0,0,11,3,0.67,0.50,1.17,0.67,1.17,2004-2005,,,,,,,,,,,
Rosenborg,19,28.7,,10,66,,,6,3,9,6,0,0,3,0,0.60,0.30,0.90,0.60,0.90,2004-2005,,,,,,,,,,,
Shakhtar,20,24.3,,10,66,,,5,4,9,5,0,0,5,3,0.50,0.40,0.90,0.50,0.90,2004-2005,,,,,,,,,,,
Sparta Prague,19,25.4,,10,66,,,2,2,4,2,0,0,4,1,0.20,0.20,0.40,0.20,0.40,2004-2005,,,,,,,,,,,
Valencia,20,27.9,,6,66,,,6,5,11,6,0,0,15,2,1.00,0.83,1.83,1.00,1.83,2004-2005,,,,,,,,,,,
Werder Bremen,20,26.8,,8,88,,,14,7,21,12,2,2,18,1,1.75,0.87,2.62,1.50,2.37,2004-2005,,,,,,,,,,,
AEK Athens,23,28.4,,8,66,,,1,1,2,1,0,0,10,1,0.12,0.12,0.25,0.12,0.25,2003-2004,,,,,,,,,,,
Ajax,22,23.0,,8,66,,,6,4,10,5,1,1,14,1,0.75,0.50,1.25,0.62,1.13,2003-2004,,,,,,,,,,,
Anderlecht,17,26.0,,10,66,,,4,3,7,4,0,1,12,1,0.40,0.30,0.70,0.40,0.70,2003-2004,,,,,,,,,,,
Arsenal,18,27.7,,10,107,,,15,9,24,15,0,0,8,0,1.50,0.90,2.40,1.50,2.40,2003-2004,,,,,,,,,,,
Bayern Munich,19,28.0,,8,91,,,6,4,10,5,1,1,20,1,0.75,0.50,1.25,0.62,1.13,2003-2004,,,,,,,,,,,
Beşiktaş,18,30.1,,6,66,,,5,1,6,3,2,2,11,1,0.83,0.17,1.00,0.50,0.67,2003-2004,,,,,,,,,,,
Celta Vigo,21,28.7,,10,87,,,8,5,13,7,1,1,20,1,0.80,0.50,1.30,0.70,1.20,2003-2004,,,,,,,,,,,
Celtic,19,29.0,,10,66,,,8,8,16,8,0,1,11,0,0.80,0.80,1.60,0.80,1.60,2003-2004,,,,,,,,,,,
Chelsea,21,26.2,,14,128,,,14,5,19,14,0,0,17,2,1.00,0.36,1.36,1.00,1.36,2003-2004,,,,,,,,,,,
Club Brugge,21,28.0,,8,66,,,4,4,8,4,0,0,9,2,0.50,0.50,1.00,0.50,1.00,2003-2004,,,,,,,,,,,
Dynamo Kyiv,19,25.4,,8,66,,,8,5,13,8,0,0,7,0,1.00,0.62,1.62,1.00,1.62,2003-2004,,,,,,,,,,,
Galatasaray,22,28.2,,8,66,,,6,6,12,6,0,0,13,2,0.75,0.75,1.50,0.75,1.50,2003-2004,,,,,,,,,,,
Inter,22,27.9,,6,66,,,8,5,13,8,0,0,9,0,1.33,0.83,2.17,1.33,2.17,2003-2004,,,,,,,,,,,
Juventus,22,28.4,,8,89,,,15,12,27,15,0,0,16,0,1.87,1.50,3.38,1.87,3.38,2003-2004,,,,,,,,,,,
La Coruña,22,28.9,,14,131,,,16,5,21,15,1,1,18,2,1.14,0.36,1.50,1.07,1.43,2003-2004,,,,,,,,,,,
Lazio,21,29.6,,8,66,,,6,2,8,5,1,1,13,1,0.75,0.25,1.00,0.62,0.87,2003-2004,,,,,,,,,,,
Loko Moscow,17,27.6,,10,66,,,7,4,11,6,1,1,9,1,0.70,0.40,1.10,0.60,1.00,2003-2004,,,,,,,,,,,
Lyon,20,25.8,,10,110,,,10,3,13,8,2,2,12,1,1.00,0.30,1.30,0.80,1.10,2003-2004,,,,,,,,,,,
Manchester Utd,22,26.0,,8,85,,,14,9,23,13,1,1,9,1,1.75,1.13,2.87,1.62,2.75,2003-2004,,,,,,,,,,,
Marseille,19,25.5,,8,66,,,9,7,16,9,0,0,7,0,1.13,0.87,2.00,1.13,2.00,2003-2004,,,,,,,,,,,
Milan,24,28.8,,10,113,,,12,2,14,12,0,0,14,2,1.20,0.20,1.40,1.20,1.40,2003-2004,,,,,,,,,,,
Monaco,20,25.5,,13,143,,,25,8,33,25,0,0,18,3,1.92,0.62,2.54,1.92,2.54,2003-2004,,,,,,,,,,,
Olympiacos,20,28.3,,6,66,,,6,5,11,6,0,0,15,1,1.00,0.83,1.83,1.00,1.83,2003-2004,,,,,,,,,,,
Panathinaikos,21,27.9,,6,66,,,5,5,10,5,0,0,12,1,0.83,0.83,1.67,0.83,1.67,2003-2004,,,,,,,,,,,
Partizan,22,26.5,,10,66,,,3,1,4,3,0,0,6,1,0.30,0.10,0.40,0.30,0.40,2003-2004,,,,,,,,,,,
Porto,22,27.5,,13,136,,,16,6,22,15,1,1,25,0,1.23,0.46,1.69,1.15,1.62,2003-2004,,,,,,,,,,,
PSV Eindhoven,19,25.5,,6,66,,,8,4,12,8,0,0,13,1,1.33,0.67,2.00,1.33,2.00,2003-2004,,,,,,,,,,,
Rangers,19,27.5,,8,66,,,4,1,5,4,0,0,8,0,0.50,0.12,0.62,0.50,0.62,2003-2004,,,,,,,,,,,
Real Madrid,19,26.9,,10,106,,,17,9,26,16,1,1,13,0,1.70,0.90,2.60,1.60,2.50,2003-2004,,,,,,,,,,,
Real Sociedad,20,28.7,,8,86,,,7,5,12,6,1,1,11,1,0.87,0.62,1.50,0.75,1.37,2003-2004,,,,,,,,,,,
Sparta Prague,21,26.9,,10,85,,,6,4,10,6,0,0,5,0,0.60,0.40,1.00,0.60,1.00,2003-2004,,,,,,,,,,,
Stuttgart,21,25.1,,8,88,,,8,7,15,8,0,1,8,0,1.00,0.87,1.87,1.00,1.87,2003-2004,,,,,,,,,,,
AEK Athens,17,28.6,,8,66,,,7,6,13,7,0,0,9,0,0.87,0.75,1.62,0.87,1.62,2002-2003,,,,,,,,,,,
Ajax,27,23.0,,14,153,,,14,10,24,14,0,0,29,3,1.00,0.71,1.71,1.00,1.71,2002-2003,,,,,,,,,,,
Arsenal,24,27.6,,12,132,,,15,11,26,15,0,0,10,1,1.25,0.92,2.17,1.25,2.17,2002-2003,,,,,,,,,,,
Auxerre,17,25.0,,8,66,,,4,2,6,4,0,0,7,2,0.50,0.25,0.75,0.50,0.75,2002-2003,,,,,,,,,,,
Barcelona,28,25.6,,16,154,,,26,21,47,26,0,1,25,0,1.62,1.31,2.94,1.62,2.94,2002-2003,,,,,,,,,,,
Basel,20,26.6,,16,134,,,17,13,30,17,0,0,10,0,1.06,0.81,1.87,1.06,1.87,2002-2003,,,,,,,,,,,
Bayern Munich,23,28.1,,8,66,,,8,6,14,8,0,0,12,0,1.00,0.75,1.75,1.00,1.75,2002-2003,,,,,,,,,,,
Club Brugge,19,27.5,,10,66,,,5,2,7,4,1,1,15,0,0.50,0.20,0.70,0.40,0.60,2002-2003,,,,,,,,,,,
Dortmund,21,26.7,,12,132,,,16,11,27,15,1,1,13,0,1.33,0.92,2.25,1.25,2.17,2002-2003,,,,,,,,,,,
Dynamo Kyiv,18,24.8,,10,66,,,6,4,10,6,0,0,3,0,0.60,0.40,1.00,0.60,1.00,2002-2003,,,,,,,,,,,
Feyenoord,20,26.9,,8,66,,,4,1,5,4,0,0,15,0,0.50,0.12,0.62,0.50,0.62,2002-2003,,,,,,,,,,,
Galatasaray,21,28.5,,6,66,,,5,5,10,5,0,0,7,0,0.83,0.83,1.67,0.83,1.67,2002-2003,,,,,,,,,,,
Genk,19,23.8,,8,66,,,2,2,4,2,0,0,9,0,0.25,0.25,0.50,0.25,0.50,2002-2003,,,,,,,,,,,
Inter,24,27.4,,18,176,,,23,18,41,23,0,1,31,2,1.28,1.00,2.28,1.28,2.28,2002-2003,,,,,,,,,,,
Juventus,27,28.2,,17,181,,,30,21,51,29,1,1,33,1,1.76,1.24,3.00,1.71,2.94,2002-2003,,,,,,,,,,,
La Coruña,24,28.5,,12,132,,,17,12,29,17,0,0,13,0,1.42,1.00,2.42,1.42,2.42,2002-2003,,,,,,,,,,,
Lens,18,26.1,,6,66,,,10,6,16,10,0,0,7,3,1.67,1.00,2.67,1.67,2.67,2002-2003,,,,,,,,,,,
Leverkusen,26,25.5,,12,132,,,14,11,25,12,2,2,21,0,1.17,0.92,2.08,1.00,1.92,2002-2003,,,,,,,,,,,
Liverpool,19,25.1,,6,66,,,12,10,22,12,0,1,6,1,2.00,1.67,3.67,2.00,3.67,2002-2003,,,,,,,,,,,
Loko Moscow,20,26.2,,14,132,,,8,6,14,8,0,0,25,1,0.57,0.43,1.00,0.57,1.00,2002-2003,,,,,,,,,,,
Lyon,18,27.4,,6,66,,,12,10,22,12,0,0,6,0,2.00,1.67,3.67,2.00,3.67,2002-2003,,,,,,,,,,,
Maccabi Haifa,17,26.4,,10,66,,,12,5,17,10,2,3,9,0,1.20,0.50,1.70,1.00,1.50,2002-2003,,,,,,,,,,,
Manchester Utd,30,26.6,,16,154,,,30,20,50,29,1,1,29,0,1.87,1.25,3.12,1.81,3.06,2002-2003,,,,,,,,,,,
Milan,26,28.0,,19,187,,,21,16,37,20,1,1,23,0,1.11,0.84,1.95,1.05,1.89,2002-2003,,,,,,,,,,,
Newcastle Utd,22,25.3,,14,132,,,16,11,27,14,2,2,13,1,1.14,0.79,1.93,1.00,1.79,2002-2003,,,,,,,,,,,
Olympiacos,18,27.6,,6,66,,,10,7,17,9,1,1,15,1,1.67,1.17,2.83,1.50,2.67,2002-2003,,,,,,,,,,,
PSV Eindhoven,19,25.3,,6,66,,,5,3,8,5,0,0,16,0,0.83,0.50,1.33,0.83,1.33,2002-2003,,,,,,,,,,,
Real Madrid,23,26.9,,16,177,,,32,26,58,31,1,2,15,0,2.00,1.62,3.62,1.94,3.56,2002-2003,,,,,,,,,,,
Roma,23,28.2,,12,132,,,10,9,19,10,0,0,28,1,0.83,0.75,1.58,0.83,1.58,2002-2003,,,,,,,,,,,
Rosenborg,17,29.8,,8,66,,,4,3,7,3,1,2,6,0,0.50,0.37,0.87,0.37,0.75,2002-2003,,,,,,,,,,,
Spartak Moscow,21,25.1,,6,66,,,1,1,2,1,0,0,18,0,0.17,0.17,0.33,0.17,0.33,2002-2003,,,,,,,,,,,
Valencia,25,27.0,,14,154,,,23,20,43,22,1,1,25,3,1.64,1.43,3.07,1.57,3.00,2002-2003,,,,,,,,,,,
Anderlecht,22,27.2,,10,67,,,4,3,7,4,0,0,10,0,0.40,0.30,0.70,0.40,0.70,2001-2002,,,,,,,,,,,
Arsenal,25,26.9,,12,132,,,17,12,29,15,2,2,21,2,1.42,1.00,2.42,1.25,2.25,2001-2002,,,,,,,,,,,
Barcelona,24,26.1,,18,174,,,22,19,41,21,1,1,36,0,1.22,1.06,2.28,1.17,2.22,2001-2002,,,,,,,,,,,
Bayern Munich,23,27.6,,14,153,,,19,14,33,19,0,1,27,1,1.36,1.00,2.36,1.36,2.36,2001-2002,,,,,,,,,,,
Boavista,23,26.1,,12,131,,,10,5,15,10,0,0,29,2,0.83,0.42,1.25,0.83,1.25,2001-2002,,,,,,,,,,,
Celtic,17,28.1,,8,66,,,8,4,12,6,2,2,10,0,1.00,0.50,1.50,0.75,1.25,2001-2002,,,,,,,,,,,
Dortmund,18,27.8,,8,66,,,6,4,10,6,0,0,9,1,0.75,0.50,1.25,0.75,1.25,2001-2002,,,,,,,,,,,
Dynamo Kyiv,18,24.7,,8,67,,,5,3,8,5,0,0,10,0,0.62,0.37,1.00,0.62,1.00,2001-2002,,,,,,,,,,,
Fenerbahçe,20,27.8,,8,65,,,4,3,7,4,0,0,16,0,0.50,0.37,0.87,0.50,0.87,2001-2002,,,,,,,,,,,
Feyenoord,22,27.0,,6,65,,,7,4,11,7,0,0,17,3,1.17,0.67,1.83,1.17,1.83,2001-2002,,,,,,,,,,,
Galatasaray,22,26.9,,16,132,,,10,7,17,10,0,0,34,1,0.62,0.44,1.06,0.62,1.06,2001-2002,,,,,,,,,,,
Juventus,26,26.9,,12,132,,,17,12,29,16,1,1,31,0,1.42,1.00,2.42,1.33,2.33,2001-2002,,,,,,,,,,,
La Coruña,24,28.4,,14,153,,,18,10,28,17,1,1,34,2,1.29,0.71,2.00,1.21,1.93,2001-2002,,,,,,,,,,,
Lazio,20,28.1,,8,84,,,4,2,6,3,1,1,15,0,0.50,0.25,0.75,0.37,0.62,2001-2002,,,,,,,,,,,
Leverkusen,20,26.1,,19,188,,,30,24,54,29,1,2,39,0,1.58,1.26,2.84,1.53,2.79,2001-2002,,,,,,,,,,,
Lille,21,26.0,,8,65,,,7,4,11,6,1,1,13,0,0.87,0.50,1.37,0.75,1.25,2001-2002,,,,,,,,,,,
Liverpool,22,25.3,,16,158,,,14,12,26,13,1,1,22,1,0.87,0.75,1.62,0.81,1.56,2001-2002,,,,,,,,,,,
Loko Moscow,17,25.2,,8,66,,,9,5,14,9,0,0,10,0,1.13,0.62,1.75,1.13,1.75,2001-2002,,,,,,,,,,,
Lyon,19,26.8,,6,68,,,10,7,17,10,0,0,10,0,1.67,1.17,2.83,1.67,2.83,2001-2002,,,,,,,,,,,
Mallorca,23,28.0,,8,65,,,4,3,7,3,1,1,11,1,0.50,0.37,0.87,0.37,0.75,2001-2002,,,,,,,,,,,
Manchester Utd,24,28.0,,16,176,,,30,25,55,26,4,5,31,2,1.87,1.56,3.44,1.62,3.19,2001-2002,,,,,,,,,,,
Nantes,29,24.6,,12,131,,,12,8,20,11,1,1,24,0,1.00,0.67,1.67,0.92,1.58,2001-2002,,,,,,,,,,,
Olympiacos,22,27.1,,6,66,,,6,4,10,6,0,0,13,0,1.00,0.67,1.67,1.00,1.67,2001-2002,,,,,,,,,,,
Panathinaikos,22,26.9,,16,154,,,17,11,28,16,1,2,28,0,1.06,0.69,1.75,1.00,1.69,2001-2002,,,,,,,,,,,
Porto,25,26.2,,16,132,,,10,8,18,10,0,0,26,2,0.62,0.50,1.13,0.62,1.13,2001-2002,,,,,,,,,,,
PSV Eindhoven,23,25.9,,6,64,,,6,4,10,6,0,0,7,0,1.00,0.67,1.67,1.00,1.67,2001-2002,,,,,,,,,,,
Real Madrid,29,26.4,,17,184,,,35,22,57,33,2,2,29,2,2.06,1.29,3.35,1.94,3.24,2001-2002,,,,,,,,,,,
Roma,24,27.7,,12,132,,,11,8,19,10,1,1,23,0,0.92,0.67,1.58,0.83,1.50,2001-2002,,,,,,,,,,,
Rosenborg,17,29.8,,8,67,,,4,2,6,3,1,2,9,0,0.50,0.25,0.75,0.37,0.62,2001-2002,,,,,,,,,,,
Schalke 04,21,29.5,,6,65,,,9,5,14,8,1,1,16,1,1.50,0.83,2.33,1.33,2.17,2001-2002,,,,,,,,,,,
Sparta Prague,22,24.9,,12,130,,,16,8,24,15,1,1,13,0,1.33,0.67,2.00,1.25,1.92,2001-2002,,,,,,,,,,,
Spartak Moscow,18,27.4,,6,61,,,7,3,10,7,0,0,12,0,1.17,0.50,1.67,1.17,1.67,2001-2002,,,,,,,,,,,
Anderlecht,19,27.2,,16,126,,,16,11,27,16,0,0,20,0,1.00,0.69,1.69,1.00,1.69,2000-2001,,,,,,,,,,,
Arsenal,22,28.0,,14,154,,,19,13,32,19,0,1,25,0,1.36,0.93,2.29,1.36,2.29,2000-2001,,,,,,,,,,,
Barcelona,21,26.6,,6,66,,,14,7,21,13,1,1,8,0,2.33,1.17,3.50,2.17,3.33,2000-2001,,,,,,,,,,,
Bayern Munich,22,28.1,,17,187,,,24,17,41,22,2,2,31,2,1.41,1.00,2.41,1.29,2.29,2000-2001,,,,,,,,,,,
Beşiktaş,21,26.5,,10,68,,,4,2,6,3,1,1,8,0,0.40,0.20,0.60,0.30,0.50,2000-2001,,,,,,,,,,,
Dynamo Kyiv,19,24.9,,8,67,,,7,4,11,7,0,0,5,0,0.87,0.50,1.37,0.87,1.37,2000-2001,,,,,,,,,,,
Galatasaray,22,27.6,,16,144,,,19,12,31,16,3,3,31,3,1.19,0.75,1.94,1.00,1.75,2000-2001,,,,,,,,,,,
Hamburger SV,19,28.6,,8,66,,,9,4,13,8,1,1,10,2,1.13,0.50,1.62,1.00,1.50,2000-2001,,,,,,,,,,,
Heerenveen,20,27.4,,6,67,,,3,2,5,3,0,0,11,1,0.50,0.33,0.83,0.50,0.83,2000-2001,,,,,,,,,,,
Helsingborg,17,29.7,,10,66,,,6,2,8,6,0,0,9,0,0.60,0.20,0.80,0.60,0.80,2000-2001,,,,,,,,,,,
Juventus,19,27.8,,6,65,,,9,6,15,8,1,1,23,2,1.50,1.00,2.50,1.33,2.33,2000-2001,,,,,,,,,,,
La Coruña,24,28.6,,14,152,,,18,12,30,15,3,3,17,0,1.29,0.86,2.14,1.07,1.93,2000-2001,,,,,,,,,,,
Lazio,25,27.4,,12,128,,,22,16,38,21,1,1,27,1,1.83,1.33,3.17,1.75,3.08,2000-2001,,,,,,,,,,,
Leeds United,25,24.7,,18,177,,,24,17,41,23,1,1,23,3,1.33,0.94,2.28,1.28,2.22,2000-2001,,,,,,,,,,,
Leverkusen,21,26.4,,6,67,,,9,6,15,9,0,0,11,0,1.50,1.00,2.50,1.50,2.50,2000-2001,,,,,,,,,,,
Lyon,22,26.3,,14,132,,,15,10,25,14,1,1,25,1,1.07,0.71,1.79,1.00,1.71,2000-2001,,,,,,,,,,,
Manchester Utd,22,27.2,,14,155,,,22,16,38,19,3,3,18,0,1.57,1.14,2.71,1.36,2.50,2000-2001,,,,,,,,,,,
Milan,26,27.5,,14,130,,,18,11,29,15,3,4,27,1,1.29,0.79,2.07,1.07,1.86,2000-2001,,,,,,,,,,,
Monaco,24,24.8,,6,69,,,13,9,22,12,1,1,14,3,2.17,1.50,3.67,2.00,3.50,2000-2001,,,,,,,,,,,
Olympiacos,20,26.1,,6,63,,,6,4,10,5,1,1,18,0,1.00,0.67,1.67,0.83,1.50,2000-2001,,,,,,,,,,,
Panathinaikos,21,27.6,,14,130,,,10,4,14,8,2,2,15,0,0.71,0.29,1.00,0.57,0.86,2000-2001,,,,,,,,,,,
Paris S-G,25,24.6,,12,129,,,22,13,35,21,1,1,23,1,1.83,1.08,2.92,1.75,2.83,2000-2001,,,,,,,,,,,
PSV Eindhoven,19,25.9,,6,66,,,9,4,13,9,0,0,12,1,1.50,0.67,2.17,1.50,2.17,2000-2001,,,,,,,,,,,
Rangers,24,28.0,,10,65,,,10,7,17,10,0,1,11,1,1.00,0.70,1.70,1.00,1.70,2000-2001,,,,,,,,,,,
Real Madrid,25,25.8,,16,165,,,33,21,54,30,3,3,24,0,2.06,1.31,3.38,1.87,3.19,2000-2001,,,,,,,,,,,
Rosenborg,18,28.9,,10,66,,,12,7,19,11,1,1,10,1,1.20,0.70,1.90,1.10,1.80,2000-2001,,,,,,,,,,,
Shakhtar Donetsk,18,24.5,,10,68,,,10,6,16,9,1,2,10,1,1.00,0.60,1.60,0.90,1.50,2000-2001,,,,,,,,,,,
Sparta Prague,22,26.0,,8,66,,,6,4,10,5,1,1,6,1,0.75,0.50,1.25,0.62,1.13,2000-2001,,,,,,,,,,,
Spartak Moscow,20,26.1,,12,133,,,12,8,20,11,1,2,22,1,1.00,0.67,1.67,0.92,1.58,2000-2001,,,,,,,,,,,
Sporting CP,22,28.3,,6,62,,,5,2,7,4,1,1,8,2,0.83,0.33,1.17,0.67,1.00,2000-2001,,,,,,,,,,,
Sturm Graz,24,28.7,,16,131,,,12,9,21,12,0,0,23,1,0.75,0.56,1.31,0.75,1.31,2000-2001,,,,,,,,,,,
Valencia,25,27.9,,19,186,,,22,15,37,21,1,1,35,1,1.16,0.79,1.95,1.11,1.89,2000-2001,,,,,,,,,,,
AIK Stockholm,19,28.3,,10,67,,,4,2,6,4,0,0,6,0,0.40,0.20,0.60,0.40,0.60,1999-2000,,,,,,,,,,,
Arsenal,21,28.9,,6,63,,,9,8,17,9,0,0,20,1,1.50,1.33,2.83,1.50,2.83,1999-2000,,,,,,,,,,,
Barcelona,24,26.8,,16,185,,,44,27,71,41,3,4,25,1,2.75,1.69,4.44,2.56,4.25,1999-2000,,,,,,,,,,,
Bayern Munich,25,27.9,,16,177,,,26,16,42,22,4,4,23,1,1.62,1.00,2.62,1.37,2.37,1999-2000,,,,,,,,,,,
Boavista,23,26.5,,8,64,,,4,2,6,4,0,0,13,2,0.50,0.25,0.75,0.50,0.75,1999-2000,,,,,,,,,,,
Bordeaux,22,26.1,,12,137,,,13,10,23,13,0,0,20,3,1.08,0.83,1.92,1.08,1.92,1999-2000,,,,,,,,,,,
Chelsea,21,29.5,,16,156,,,22,12,34,21,1,2,20,2,1.37,0.75,2.12,1.31,2.06,1999-2000,,,,,,,,,,,
Croatia Zagreb,18,26.5,,8,66,,,7,3,10,6,1,1,12,1,0.87,0.37,1.25,0.75,1.13,1999-2000,,,,,,,,,,,
Dortmund,19,27.8,,8,67,,,7,5,12,7,0,0,13,3,0.87,0.62,1.50,0.87,1.50,1999-2000,,,,,,,,,,,
Dynamo Kyiv,22,25.1,,16,135,,,17,11,28,14,3,4,19,0,1.06,0.69,1.75,0.87,1.56,1999-2000,,,,,,,,,,,
Feyenoord,19,26.9,,12,127,,,14,8,22,14,0,0,23,1,1.17,0.67,1.83,1.17,1.83,1999-2000,,,,,,,,,,,
Fiorentina,22,28.6,,14,132,,,16,11,27,14,2,2,28,2,1.14,0.79,1.93,1.00,1.79,1999-2000,,,,,,,,,,,
Galatasaray,21,27.5,,8,64,,,10,5,15,8,2,2,14,0,1.25,0.62,1.87,1.00,1.62,1999-2000,,,,,,,,,,,
Hertha BSC,26,27.3,,14,133,,,10,7,17,9,1,1,28,2,0.71,0.50,1.21,0.64,1.14,1999-2000,,,,,,,,,,,
Lazio,23,28.0,,14,158,,,25,18,43,25,0,1,35,1,1.79,1.29,3.07,1.79,3.07,1999-2000,,,,,,,,,,,
Leverkusen,20,26.3,,6,66,,,7,6,13,7,0,0,14,0,1.17,1.00,2.17,1.17,2.17,1999-2000,,,,,,,,,,,
Manchester Utd,24,27.4,,14,158,,,21,13,34,20,1,1,23,0,1.50,0.93,2.43,1.43,2.36,1999-2000,,,,,,,,,,,
Marseille,29,24.5,,12,129,,,10,8,18,10,0,0,20,4,0.83,0.67,1.50,0.83,1.50,1999-2000,,,,,,,,,,,
Milan,20,27.1,,6,66,,,6,5,11,6,0,0,18,1,1.00,0.83,1.83,1.00,1.83,1999-2000,,,,,,,,,,,
Molde,15,26.4,,10,66,,,6,3,9,6,0,0,9,0,0.60,0.30,0.90,0.60,0.90,1999-2000,,,,,,,,,,,
NK Maribor,17,27.8,,10,66,,,2,1,3,2,0,0,13,2,0.20,0.10,0.30,0.20,0.30,1999-2000,,,,,,,,,,,
Olympiacos,19,27.0,,6,66,,,9,4,13,9,0,0,13,0,1.50,0.67,2.17,1.50,2.17,1999-2000,,,,,,,,,,,
Porto,26,27.5,,14,161,,,19,11,30,19,0,0,31,1,1.36,0.79,2.14,1.36,2.14,1999-2000,,,,,,,,,,,
PSV,20,26.3,,8,67,,,5,2,7,3,2,2,12,1,0.62,0.25,0.87,0.37,0.62,1999-2000,,,,,,,,,,,
Rangers,19,27.1,,10,66,,,7,4,11,6,1,1,11,0,0.70,0.40,1.10,0.60,1.00,1999-2000,,,,,,,,,,,
Real Madrid,26,24.6,,17,187,,,32,23,55,29,3,3,33,1,1.88,1.35,3.24,1.71,3.06,1999-2000,,,,,,,,,,,
Rosenborg,19,28.5,,12,134,,,17,9,26,17,0,0,16,1,1.42,0.75,2.17,1.42,2.17,1999-2000,,,,,,,,,,,
Sparta Prague,22,25.6,,12,134,,,18,9,27,14,4,4,24,2,1.50,0.75,2.25,1.17,1.92,1999-2000,,,,,,,,,,,
Spartak Moscow,17,25.9,,8,66,,,9,3,12,6,3,3,16,4,1.13,0.37,1.50,0.75,1.13,1999-2000,,,,,,,,,,,
Sturm Graz,22,28.0,,8,66,,,5,2,7,4,1,2,10,0,0.62,0.25,0.87,0.50,0.75,1999-2000,,,,,,,,,,,
Valencia,21,27.0,,19,189,,,26,16,42,24,2,2,31,1,1.37,0.84,2.21,1.26,2.11,1999-2000,,,,,,,,,,,
Willem II,21,25.8,,6,69,,,7,3,10,7,0,0,14,4,1.17,0.50,1.67,1.17,1.67,1999-2000,,,,,,,,,,,
Ajax,23,26.3,,6,,,,,,,,,,,,,,,,,1998-1999,,,,,,,,,,,
Arsenal,23,28.2,,6,,,,,,,,,,,,,,,,,1998-1999,,,,,,,,,,,
Athletic Club,22,25.8,,8,,,,,,,,,,,,,,,,,1998-1999,,,,,,,,,,,
Barcelona,18,25.8,,6,,,,,,,,,,,,,,,,,1998-1999,,,,,,,,,,,
Bayern Munich,20,27.8,,13,,,,,,,,,,,,,,,,,1998-1999,,,,,,,,,,,
Benfica,20,26.4,,8,,,,,,,,,,,,,,,,,1998-1999,,,,,,,,,,,
Brøndby,20,26.9,,8,,,,,,,,,,,,,,,,,1998-1999,,,,,,,,,,,
Croatia Zagreb,20,26.3,,8,,,,,,,,,,,,,,,,,1998-1999,,,,,,,,,,,
Dynamo Kyiv,21,24.7,,14,,,,,,,,,,,,,,,,,1998-1999,,,,,,,,,,,
Galatasaray,20,26.9,,8,,,,,,,,,,,,,,,,,1998-1999,,,,,,,,,,,
HJK Helsinki,20,25.4,,10,,,,,,,,,,,,,,,,,1998-1999,,,,,,,,,,,
Inter,22,27.7,,10,,,,,,,,,,,,,,,,,1998-1999,,,,,,,,,,,
Juventus,23,26.8,,10,,,,,,,,,,,,,,,,,1998-1999,,,,,,,,,,,
Kaiserslautern,20,27.2,,8,,,,,,,,,,,,,,,,,1998-1999,,,,,,,,,,,
Lens,19,25.5,,6,,,,,,,,,,,,,,,,,1998-1999,,,,,,,,,,,
Manchester Utd,20,26.6,,13,,,,,,,,,,,,,,,,,1998-1999,,,,,,,,,,,
Olympiacos,19,26.9,,10,,,,,,,,,,,,,,,,,1998-1999,,,,,,,,,,,
Panathinaikos,19,27.9,,8,,,,,,,,,,,,,,,,,1998-1999,,,,,,,,,,,
Porto,20,28.1,,6,,,,,,,,,,,,,,,,,1998-1999,,,,,,,,,,,
PSV,23,24.5,,8,,,,,,,,,,,,,,,,,1998-1999,,,,,,,,,,,
Real Madrid,18,26.8,,8,,,,,,,,,,,,,,,,,1998-1999,,,,,,,,,,,
Rosenborg,18,28.1,,8,,,,,,,,,,,,,,,,,1998-1999,,,,,,,,,,,
Spartak Moscow,18,25.9,,8,,,,,,,,,,,,,,,,,1998-1999,,,,,,,,,,,
Sturm Graz,19,28.9,,8,,,,,,,,,,,,,,,,,1998-1999,,,,,,,,,,,
Barcelona,24,25.8,,8,,,,,,,,,,,,,,,,,1997-1998,,,,,,,,,,,
Bayern Munich,18,26.8,,8,,,,,,,,,,,,,,,,,1997-1998,,,,,,,,,,,
Beşiktaş,21,26.6,,8,,,,,,,,,,,,,,,,,1997-1998,,,,,,,,,,,
Dortmund,26,28.2,,10,,,,,,,,,,,,,,,,,1997-1998,,,,,,,,,,,
Dynamo Kyiv,20,24.4,,12,,,,,,,,,,,,,,,,,1997-1998,,,,,,,,,,,
Feyenoord,19,25.2,,8,,,,,,,,,,,,,,,,,1997-1998,,,,,,,,,,,
Galatasaray,19,25.6,,8,,,,,,,,,,,,,,,,,1997-1998,,,,,,,,,,,
Göteborg,19,27.1,,8,,,,,,,,,,,,,,,,,1997-1998,,,,,,,,,,,
Juventus,20,25.9,,11,,,,,,,,,,,,,,,,,1997-1998,,,,,,,,,,,
Košice,17,26.2,,10,,,,,,,,,,,,,,,,,1997-1998,,,,,,,,,,,
Leverkusen,19,26.8,,10,,,,,,,,,,,,,,,,,1997-1998,,,,,,,,,,,
Lierse,19,27.2,,8,,,,,,,,,,,,,,,,,1997-1998,,,,,,,,,,,
Manchester Utd,19,26.6,,8,,,,,,,,,,,,,,,,,1997-1998,,,,,,,,,,,
Monaco,23,24.6,,10,,,,,,,,,,,,,,,,,1997-1998,,,,,,,,,,,
Newcastle Utd,20,27.1,,8,,,,,,,,,,,,,,,,,1997-1998,,,,,,,,,,,
Olympiacos,21,25.4,,8,,,,,,,,,,,,,,,,,1997-1998,,,,,,,,,,,
Paris S-G,19,27.1,,8,,,,,,,,,,,,,,,,,1997-1998,,,,,,,,,,,
Parma,20,25.8,,8,,,,,,,,,,,,,,,,,1997-1998,,,,,,,,,,,
Porto,23,27.5,,6,,,,,,,,,,,,,,,,,1997-1998,,,,,,,,,,,
PSV,19,27.1,,6,,,,,,,,,,,,,,,,,1997-1998,,,,,,,,,,,
Real Madrid,23,25.9,,11,,,,,,,,,,,,,,,,,1997-1998,,,,,,,,,,,
Rosenborg,17,27.2,,8,,,,,,,,,,,,,,,,,1997-1998,,,,,,,,,,,
Sparta Prague,20,25.8,,8,,,,,,,,,,,,,,,,,1997-1998,,,,,,,,,,,
Sporting CP,22,25.8,,8,,,,,,,,,,,,,,,,,1997-1998,,,,,,,,,,,
Ajax,22,25.0,,10,,,,,,,,,,,,,,,,,1996-1997,,,,,,,,,,,
Atlético Madrid,19,26.1,,8,,,,,,,,,,,,,,,,,1996-1997,,,,,,,,,,,
Auxerre,21,24.8,,8,,,,,,,,,,,,,,,,,1996-1997,,,,,,,,,,,
Dortmund,24,28.0,,11,,,,,,,,,,,,,,,,,1996-1997,,,,,,,,,,,
Fenerbahçe,18,26.2,,8,,,,,,,,,,,,,,,,,1996-1997,,,,,,,,,,,
Göteborg,16,26.4,,8,,,,,,,,,,,,,,,,,1996-1997,,,,,,,,,,,
Grasshopper,19,24.5,,8,,,,,,,,,,,,,,,,,1996-1997,,,,,,,,,,,
Juventus,21,26.4,,11,,,,,,,,,,,,,,,,,1996-1997,,,,,,,,,,,
Manchester Utd,20,26.1,,10,,,,,,,,,,,,,,,,,1996-1997,,,,,,,,,,,
Milan,21,27.6,,6,,,,,,,,,,,,,,,,,1996-1997,,,,,,,,,,,
Porto,23,26.2,,8,,,,,,,,,,,,,,,,,1996-1997,,,,,,,,,,,
Rangers,23,27.4,,8,,,,,,,,,,,,,,,,,1996-1997,,,,,,,,,,,
Rapid Wien,18,28.2,,8,,,,,,,,,,,,,,,,,1996-1997,,,,,,,,,,,
Rosenborg,19,26.4,,10,,,,,,,,,,,,,,,,,1996-1997,,,,,,,,,,,
Steaua,19,24.6,,8,,,,,,,,,,,,,,,,,1996-1997,,,,,,,,,,,
Widzew Łódź,17,25.8,,8,,,,,,,,,,,,,,,,,1996-1997,,,,,,,,,,,
Aalborg,20,26.7,,8,,,,,,,,,,,,,,,,,1995-1996,,,,,,,,,,,
Ajax,19,24.3,,11,,,,,,,,,,,,,,,,,1995-1996,,,,,,,,,,,
Blackburn,18,26.4,,6,,,,,,,,,,,,,,,,,1995-1996,,,,,,,,,,,
Dortmund,22,27.0,,8,,,,,,,,,,,,,,,,,1995-1996,,,,,,,,,,,
Ferencváros,19,26.5,,8,,,,,,,,,,,,,,,,,1995-1996,,,,,,,,,,,
Grasshopper,22,25.9,,8,,,,,,,,,,,,,,,,,1995-1996,,,,,,,,,,,
Juventus,22,27.1,,11,,,,,,,,,,,,,,,,,1995-1996,,,,,,,,,,,
Legia Warsaw,19,27.3,,10,,,,,,,,,,,,,,,,,1995-1996,,,,,,,,,,,
Nantes,21,26.0,,10,,,,,,,,,,,,,,,,,1995-1996,,,,,,,,,,,
Panathinaikos,18,27.5,,12,,,,,,,,,,,,,,,,,1995-1996,,,,,,,,,,,
Porto,20,26.5,,6,,,,,,,,,,,,,,,,,1995-1996,,,,,,,,,,,
Rangers,21,28.0,,8,,,,,,,,,,,,,,,,,1995-1996,,,,,,,,,,,
Real Madrid,22,27.8,,8,,,,,,,,,,,,,,,,,1995-1996,,,,,,,,,,,
Rosenborg,15,26.4,,8,,,,,,,,,,,,,,,,,1995-1996,,,,,,,,,,,
Spartak Moscow,22,25.5,,8,,,,,,,,,,,,,,,,,1995-1996,,,,,,,,,,,
Steaua,17,25.2,,8,,,,,,,,,,,,,,,,,1995-1996,,,,,,,,,,,
AEK Athens,19,26.8,,8,,,,,,,,,,,,,,,,,1994-1995,,,,,,,,,,,
Ajax,17,23.9,,11,,,,,,,,,,,,,,,,,1994-1995,,,,,,,,,,,
Anderlecht,17,26.6,,6,,,,,,,,,,,,,,,,,1994-1995,,,,,,,,,,,
Austria Salzburg,17,28.1,,8,,,,,,,,,,,,,,,,,1994-1995,,,,,,,,,,,
Barcelona,21,26.9,,8,,,,,,,,,,,,,,,,,1994-1995,,,,,,,,,,,
Bayern Munich,23,25.0,,10,,,,,,,,,,,,,,,,,1994-1995,,,,,,,,,,,
Benfica,21,27.9,,8,,,,,,,,,,,,,,,,,1994-1995,,,,,,,,,,,
Dynamo Kyiv,18,22.9,,8,,,,,,,,,,,,,,,,,1994-1995,,,,,,,,,,,
Galatasaray,18,25.0,,8,,,,,,,,,,,,,,,,,1994-1995,,,,,,,,,,,
Göteborg,17,26.4,,10,,,,,,,,,,,,,,,,,1994-1995,,,,,,,,,,,
Hajduk Split,23,25.8,,10,,,,,,,,,,,,,,,,,1994-1995,,,,,,,,,,,
Manchester Utd,20,26.5,,6,,,,,,,,,,,,,,,,,1994-1995,,,,,,,,,,,
Milan,21,27.8,,11,,,,,,,,,,,,,,,,,1994-1995,,,,,,,,,,,
Paris S-G,18,28.4,,12,,,,,,,,,,,,,,,,,1994-1995,,,,,,,,,,,
Spartak Moscow,20,25.0,,6,,,,,,,,,,,,,,,,,1994-1995,,,,,,,,,,,
Steaua,19,24.8,,8,,,,,,,,,,,,,,,,,1994-1995,,,,,,,,,,,
Aarau,15,26.3,,4,,,,,,,,,,,,,,,,,1993-1994,,,,,,,,,,,
AEK Athens,15,26.7,,2,,,,,,,,,,,,,,,,,1993-1994,,,,,,,,,,,
AIK Stockholm,13,25.6,,2,,,,,,,,,,,,,,,,,1993-1994,,,,,,,,,,,
Anderlecht,22,26.7,,10,,,,,,,,,,,,,,,,,1993-1994,,,,,,,,,,,
Austria Wien,18,26.6,,4,,,,,,,,,,,,,,,,,1993-1994,,,,,,,,,,,
Barcelona,19,27.0,,12,,,,,,,,,,,,,,,,,1993-1994,,,,,,,,,,,
Beitar Jerusalem,16,26.1,,4,,,,,,,,,,,,,,,,,1993-1994,,,,,,,,,,,
Cork City FC,14,29.0,,4,,,,,,,,,,,,,,,,,1993-1994,,,,,,,,,,,
Croatia Zagreb,13,24.5,,4,,,,,,,,,,,,,,,,,1993-1994,,,,,,,,,,,
Dynamo Kyiv,14,24.2,,2,,,,,,,,,,,,,,,,,1993-1994,,,,,,,,,,,
FC Copenhagen,17,25.6,,4,,,,,,,,,,,,,,,,,1993-1994,,,,,,,,,,,
FC Dinamo Minsk,16,23.6,,2,,,,,,,,,,,,,,,,,1993-1994,,,,,,,,,,,
Feyenoord,17,26.8,,4,,,,,,,,,,,,,,,,,1993-1994,,,,,,,,,,,
Floriana FC,15,26.3,,4,,,,,,,,,,,,,,,,,1993-1994,,,,,,,,,,,
Galatasaray,20,26.1,,10,,,,,,,,,,,,,,,,,1993-1994,,,,,,,,,,,
HJK Helsinki,14,25.0,,4,,,,,,,,,,,,,,,,,1993-1994,,,,,,,,,,,
Honvéd,14,25.3,,2,,,,,,,,,,,,,,,,,1993-1994,,,,,,,,,,,
Íþróttabandalag Akraness,12,25.1,,4,,,,,,,,,,,,,,,,,1993-1994,,,,,,,,,,,
Lech Poznań,17,25.7,,4,,,,,,,,,,,,,,,,,1993-1994,,,,,,,,,,,
Levski Sofia,15,27.3,,4,,,,,,,,,,,,,,,,,1993-1994,,,,,,,,,,,
Linfield FC,14,25.9,,4,,,,,,,,,,,,,,,,,1993-1994,,,,,,,,,,,
Manchester Utd,16,27.5,,4,,,,,,,,,,,,,,,,,1993-1994,,,,,,,,,,,
Milan,24,27.4,,12,,,,,,,,,,,,,,,,,1993-1994,,,,,,,,,,,
Monaco,19,26.9,,11,,,,,,,,,,,,,,,,,1993-1994,,,,,,,,,,,
Porto,24,26.3,,11,,,,,,,,,,,,,,,,,1993-1994,,,,,,,,,,,
Rangers,15,27.7,,2,,,,,,,,,,,,,,,,,1993-1994,,,,,,,,,,,
Rosenborg,14,25.8,,4,,,,,,,,,,,,,,,,,1993-1994,,,,,,,,,,,
Skonto FC,14,24.2,,4,,,,,,,,,,,,,,,,,1993-1994,,,,,,,,,,,
Sparta Prague,16,24.0,,4,,,,,,,,,,,,,,,,,1993-1994,,,,,,,,,,,
Spartak Moscow,21,23.7,,10,,,,,,,,,,,,,,,,,1993-1994,,,,,,,,,,,
Steaua,17,24.3,,4,,,,,,,,,,,,,,,,,1993-1994,,,,,,,,,,,
Werder Bremen,20,28.8,,10,,,,,,,,,,,,,,,,,1993-1994,,,,,,,,,,,
AEK Athens,16,28.3,,4,,,,,,,,,,,,,,,,,1992-1993,,,,,,,,,,,
APOEL FC,14,27.6,,2,,,,,,,,,,,,,,,,,1992-1993,,,,,,,,,,,
Austria Wien,15,25.0,,4,,,,,,,,,,,,,,,,,1992-1993,,,,,,,,,,,
Barcelona,17,26.7,,4,,,,,,,,,,,,,,,,,1992-1993,,,,,,,,,,,
Beşiktaş,15,27.6,,2,,,,,,,,,,,,,,,,,1992-1993,,,,,,,,,,,
Club Brugge,18,27.2,,10,,,,,,,,,,,,,,,,,1992-1993,,,,,,,,,,,
CSKA Moscow,21,23.1,,10,,,,,,,,,,,,,,,,,1992-1993,,,,,,,,,,,
CSKA Sofia,16,26.2,,2,,,,,,,,,,,,,,,,,1992-1993,,,,,,,,,,,
Dinamo București,17,24.6,,4,,,,,,,,,,,,,,,,,1992-1993,,,,,,,,,,,
Ferencváros,16,24.1,,2,,,,,,,,,,,,,,,,,1992-1993,,,,,,,,,,,
Glentoran FC,14,29.2,,2,,,,,,,,,,,,,,,,,1992-1993,,,,,,,,,,,
Göteborg,19,24.5,,10,,,,,,,,,,,,,,,,,1992-1993,,,,,,,,,,,
KV,13,26.9,,2,,,,,,,,,,,,,,,,,1992-1993,,,,,,,,,,,
Lahti,14,27.7,,2,,,,,,,,,,,,,,,,,1992-1993,,,,,,,,,,,
Lech Poznań,16,25.0,,4,,,,,,,,,,,,,,,,,1992-1993,,,,,,,,,,,
Leeds United,16,28.2,,5,,,,,,,,,,,,,,,,,1992-1993,,,,,,,,,,,
Lyngby,16,24.8,,2,,,,,,,,,,,,,,,,,1992-1993,,,,,,,,,,,
Maccabi Tel Aviv FC,14,24.9,,4,,,,,,,,,,,,,,,,,1992-1993,,,,,,,,,,,
Marseille,21,26.5,,11,,,,,,,,,,,,,,,,,1992-1993,,,,,,,,,,,
Milan,23,27.0,,11,,,,,,,,,,,,,,,,,1992-1993,,,,,,,,,,,
NK Olimpija Ljubljana,15,26.6,,4,,,,,,,,,,,,,,,,,1992-1993,,,,,,,,,,,
Porto,24,26.0,,10,,,,,,,,,,,,,,,,,1992-1993,,,,,,,,,,,
PSV,20,27.2,,10,,,,,,,,,,,,,,,,,1992-1993,,,,,,,,,,,
Rangers,19,27.7,,10,,,,,,,,,,,,,,,,,1992-1993,,,,,,,,,,,
Sion,17,25.1,,4,,,,,,,,,,,,,,,,,1992-1993,,,,,,,,,,,
ŠK Slovan Bratislava,16,24.8,,4,,,,,,,,,,,,,,,,,1992-1993,,,,,,,,,,,
Skonto FC,14,22.8,,4,,,,,,,,,,,,,,,,,1992-1993,,,,,,,,,,,
Stuttgart,16,27.8,,3,,,,,,,,,,,,,,,,,1992-1993,,,,,,,,,,,
Tavriya Simferopol,15,25.7,,4,,,,,,,,,,,,,,,,,1992-1993,,,,,,,,,,,
Union Luxembourg,14,22.2,,2,,,,,,,,,,,,,,,,,1992-1993,,,,,,,,,,,
Viking,15,24.5,,2,,,,,,,,,,,,,,,,,1992-1993,,,,,,,,,,,
Žalgiris,15,21.5,,2,,,,,,,,,,,,,,,,,1992-1993,,,,,,,,,,,
Anderlecht,19,26.0,,10,,,,,,,,,,,,,,,,,1991-1992,,,,,,,,,,,
Apollon Limassol,16,25.9,,4,,,,,,,,,,,,,,,,,1991-1992,,,,,,,,,,,
Arsenal,16,26.5,,4,,,,,,,,,,,,,,,,,1991-1992,,,,,,,,,,,
Austria Wien,15,25.7,,2,,,,,,,,,,,,,,,,,1991-1992,,,,,,,,,,,
Barcelona,19,25.9,,11,,,,,,,,,,,,,,,,,1991-1992,,,,,,,,,,,
Benfica,21,25.0,,10,,,,,,,,,,,,,,,,,1991-1992,,,,,,,,,,,
Beşiktaş,14,26.6,,2,,,,,,,,,,,,,,,,,1991-1992,,,,,,,,,,,
Brøndby,16,27.0,,4,,,,,,,,,,,,,,,,,1991-1992,,,,,,,,,,,
Dundalk FC,14,30.0,,2,,,,,,,,,,,,,,,,,1991-1992,,,,,,,,,,,
Dynamo Kyiv,23,22.9,,10,,,,,,,,,,,,,,,,,1991-1992,,,,,,,,,,,
Etar,15,25.7,,2,,,,,,,,,,,,,,,,,1991-1992,,,,,,,,,,,
FC U Craiova,15,25.7,,2,,,,,,,,,,,,,,,,,1991-1992,,,,,,,,,,,
Flamurtari Vlorë,15,24.5,,2,,,,,,,,,,,,,,,,,1991-1992,,,,,,,,,,,
Göteborg,15,24.1,,4,,,,,,,,,,,,,,,,,1991-1992,,,,,,,,,,,
Grasshopper,13,24.2,,2,,,,,,,,,,,,,,,,,1991-1992,,,,,,,,,,,
Hansa Rostock,15,26.8,,2,,,,,,,,,,,,,,,,,1991-1992,,,,,,,,,,,
HJK Helsinki,14,25.2,,2,,,,,,,,,,,,,,,,,1991-1992,,,,,,,,,,,
Honvéd,19,24.8,,4,,,,,,,,,,,,,,,,,1991-1992,,,,,,,,,,,
Kaiserslautern,19,26.6,,4,,,,,,,,,,,,,,,,,1991-1992,,,,,,,,,,,
Knattspyrnufélagið Fram,15,25.3,,2,,,,,,,,,,,,,,,,,1991-1992,,,,,,,,,,,
Marseille,17,27.7,,4,,,,,,,,,,,,,,,,,1991-1992,,,,,,,,,,,
Panathinaikos,18,26.8,,10,,,,,,,,,,,,,,,,,1991-1992,,,,,,,,,,,
Portadown FC,12,26.5,,2,,,,,,,,,,,,,,,,,1991-1992,,,,,,,,,,,
PSV,16,28.9,,4,,,,,,,,,,,,,,,,,1991-1992,,,,,,,,,,,
Rangers,17,27.2,,2,,,,,,,,,,,,,,,,,1991-1992,,,,,,,,,,,
Red Star,22,24.6,,10,,,,,,,,,,,,,,,,,1991-1992,,,,,,,,,,,
Rosenborg,14,25.9,,2,,,,,,,,,,,,,,,,,1991-1992,,,,,,,,,,,
Sampdoria,17,27.5,,11,,,,,,,,,,,,,,,,,1991-1992,,,,,,,,,,,
Sparta Prague,18,24.2,,10,,,,,,,,,,,,,,,,,1991-1992,,,,,,,,,,,
Union Luxembourg,13,23.3,,2,,,,,,,,,,,,,,,,,1991-1992,,,,,,,,,,,
Zagłębie Lubin,14,26.7,,2,,,,,,,,,,,,,,,,,1991-1992,,,,,,,,,,,
Ħamrun Spartans FC,14,26.3,,2,,,,,,,,,,,,,,,,,1991-1992,,,,,,,,,,,
APOEL FC,14,26.2,,2,,,,,,,,,,,,,,,,,1990-1991,,,,,,,,,,,
Bayern Munich,21,25.2,,8,,,,,,,,,,,,,,,,,1990-1991,,,,,,,,,,,
Beşiktaş,12,26.6,,2,,,,,,,,,,,,,,,,,1990-1991,,,,,,,,,,,
Club Brugge,16,28.0,,4,,,,,,,,,,,,,,,,,1990-1991,,,,,,,,,,,
CSKA Sofia,18,25.2,,4,,,,,,,,,,,,,,,,,1990-1991,,,,,,,,,,,
Dinamo București,16,24.9,,4,,,,,,,,,,,,,,,,,1990-1991,,,,,,,,,,,
Dresden,19,25.6,,6,,,,,,,,,,,,,,,,,1990-1991,,,,,,,,,,,
FC Tirol Innsbruck,15,25.9,,4,,,,,,,,,,,,,,,,,1990-1991,,,,,,,,,,,
Grasshopper,15,25.5,,2,,,,,,,,,,,,,,,,,1990-1991,,,,,,,,,,,
Knattspyrnufélag Akureyrar,14,24.0,,2,,,,,,,,,,,,,,,,,1990-1991,,,,,,,,,,,
KS Dinamo Tirana,14,24.3,,2,,,,,,,,,,,,,,,,,1990-1991,,,,,,,,,,,
Lahti,14,26.1,,2,,,,,,,,,,,,,,,,,1990-1991,,,,,,,,,,,
Lech Poznań,14,24.8,,4,,,,,,,,,,,,,,,,,1990-1991,,,,,,,,,,,
Lillestrøm,13,26.1,,2,,,,,,,,,,,,,,,,,1990-1991,,,,,,,,,,,
Malmö,16,24.9,,4,,,,,,,,,,,,,,,,,1990-1991,,,,,,,,,,,
Marseille,18,28.2,,9,,,,,,,,,,,,,,,,,1990-1991,,,,,,,,,,,
Milan,18,27.3,,4,,,,,,,,,,,,,,,,,1990-1991,,,,,,,,,,,
Napoli,16,27.1,,4,,,,,,,,,,,,,,,,,1990-1991,,,,,,,,,,,
Odense,15,25.1,,2,,,,,,,,,,,,,,,,,1990-1991,,,,,,,,,,,
Panathinaikos,15,26.5,,2,,,,,,,,,,,,,,,,,1990-1991,,,,,,,,,,,
Portadown FC,14,26.5,,2,,,,,,,,,,,,,,,,,1990-1991,,,,,,,,,,,
Porto,21,25.7,,6,,,,,,,,,,,,,,,,,1990-1991,,,,,,,,,,,
Rangers,19,27.4,,4,,,,,,,,,,,,,,,,,1990-1991,,,,,,,,,,,
Real Madrid,21,26.4,,6,,,,,,,,,,,,,,,,,1990-1991,,,,,,,,,,,
Red Star,19,25.0,,9,,,,,,,,,,,,,,,,,1990-1991,,,,,,,,,,,
Sparta Prague,17,26.0,,2,,,,,,,,,,,,,,,,,1990-1991,,,,,,,,,,,
Spartak Moscow,15,24.7,,8,,,,,,,,,,,,,,,,,1990-1991,,,,,,,,,,,
St Patrick's Athletic FC,14,27.0,,2,,,,,,,,,,,,,,,,,1990-1991,,,,,,,,,,,
Újpest,15,25.6,,2,,,,,,,,,,,,,,,,,1990-1991,,,,,,,,,,,
Union Luxembourg,13,22.7,,2,,,,,,,,,,,,,,,,,1990-1991,,,,,,,,,,,
Valletta FC,13,24.5,,2,,,,,,,,,,,,,,,,,1990-1991,,,,,,,,,,,
